Назвнаие модели;Цена;Место продажи
Смарт-блокнот с отпечатком Lockbook, беспроводная зарядка и USB 16GB;"
3 100 грн.
";Одесса, Киевский
Нові Amazon Kindle Paperwhite Kids Signature 11th Gen 8ГБ;"
5 000 грн.
";Ровно
Продам pocketbook 632 hd3;"
3 800 грн.
";Харьков, Слободской
Электронная книга Amazon Kindle Paperwhite 11th 2021. Лучше PocketBook;"
4 900 грн.
";Днепр, Соборный
Kindle Oasis. 10 поколение. 8гб. Новый. Запечатан. 7 дюймов. Гарантия;"
5 999 грн.
";Киев, Оболонский
Акция! 10 Gen 2019/2021 • из США • Электронная книга Amazon Kindle;"
2 099 грн.
";Львов, Галицкий
Электронная книга PocketBook 613 (требует минимального ремонта );"
670 грн.
";Николаев, Заводский
Pocketbook surfpad u7  планшет;"
600 грн.
";Киев, Деснянский
Нова електронна книга Amazon Kindle Paperwhite 5 2021 11 gen, ONLINE;"
4 399 грн.
";Киев, Днепровский
Электронная книга kindle;"
700 грн.
";Запорожье, Днепровский
Розборка Электронная книга Nook Simple Touch-батарея,корпус  екран;"
200 грн.
";Умань
Електронна книга PocketBook 515 mini;"
1 000 грн.
";Тараща
Amazon Kindle Voyage з підсвіткою.;"
1 700 грн.
";Лапаевка
Електронна книга PocketBook 628 Touch Lux 5 Ink Black/Red Нові;"
3 870 грн.
";Львов, Франковский
NextBook nx785qc8g(донор);"
180 грн.
";Киев, Оболонский
Продам pocketbook 632 hd3;"
3 800 грн.
";Харьков, Слободской
Pocketbook 626 (на запчастини, під ремонт) електронна книга;"
400 грн.
";Ивано-Франковск
Электронная книга Amazon Kindle Школьнику Читает все форматы;"
1 150 грн.
";Киев, Дарницкий
Amazon Kindle 2022. 8 гб. Новый. Запечатан. Гарантия. От магазина;"
2 699 грн.
";Львов, Галицкий
Pocketbook 741, InkPad 3, Pro;"
4 650 грн.
";Новояворовск
Электронная книга Amazon Kindle 4 (D01100) Оригинал!;"
500 грн.
";Киев, Соломенский
В наявності Комплект Amazon Kindle Paperwhite Kids 11th 2021;"
5 250 грн.
";Тернополь
Электронная книга PRESTIGIO NOBILE PER3884B;"
230 грн.
";Винница, Замостянский
Чехол для электронной книги Amazon Kindle;"
300 грн.
";Полтава
Электронная книга/читалка/ PocketBook 360;"
799 грн.
";Одесса, Приморский
Нові Amazon Kindle Paperwhite Kids Signature 11th Gen 8ГБ;"
5 000 грн.
";Ровно
Электронная книга Pocketbook 614, читалка, ридер.;"
1 649 грн.
";Одесса, Суворовский
Pocketbook 626 Touch Lux 2, электронная книга, с подсветкой, 32 Гб.;"
2 799 грн.
";Одесса, Суворовский
Электронная книга;"
300 грн.
";Харьков, Шевченковский
Электронная книга Amazon Kindle Paperwhite 10th Generation 8GB;"
3 640 грн.
";Киев, Голосеевский
Самый новый Amazon Kindle Oasis 10Gen 32GB Graphite;"
5 599 грн.
";Киев, Шевченковский
Amazon Kindle 10th Gen Электронная книга Гарантия 1 год;"
2 540 грн.
";Киев, Голосеевский
Эл.книга Sony PRS-300 под восстановление;"
400 грн.
";Кривой Рог, Метталургический
Електронна книга V3;"
500 грн.
";Казатин
Электронная книга Сони;"
1 800 грн.
";Одесса, Суворовский
Электронная книга Tolino Shine 3 новая HD 300 ppi Германия;"
3 300 грн.
";Киев, Дарницкий
Планшет, электронная книга;"
50 грн.
";Конотоп
Электронная записная книжка CITIZEN, CASIO;"
100 грн.
";Кривой Рог, Метталургический
Kindle Paperwhite 2020. 8 гб. Гарантия. Из США. От магазина;"
1 999 грн.
";Киев, Оболонский
Nook Glowlight Plus. Как новый. Подсветка. 300ppi.Гарантия.От магазина;"
1 399 грн.
";Киев, Оболонский
Kindle paperwhite 2020. 8 гб. Водонепроницаемая. Из США;"
1 599 грн.
";Львов, Галицкий
Kindle Paperwhite 2017. 7 поколение. Черный. Гарантия. Магазин. Из США;"
1 299 грн.
";Киев, Оболонский
Amazon Kindle 5. Все форматы. Гарантия. Магазин. Из США;"
499 грн.
";Львов, Галицкий
Amazon Kindle Voyage. Подсветка. 300ppi. Гарантия. Магазин. Из США;"
1 699 грн.
";Киев, Оболонский
Электронная книга Tolino Shine 3 новая HD 300 ppi Германия;"
3 300 грн.
";Киев, Дарницкий
Электронная книга Amazon Kindle Paperwhite 2021 Гарантия год от нас;"
5 440 грн.
";Киев, Голосеевский
Kindle Paperwhite 2020. 8 гб. Гарантия. Из США. От магазина;"
1 999 грн.
";Киев, Оболонский
Amazon Kindle 2022. 8 гб. Новый. Запечатан. Гарантия. От магазина;"
2 699 грн.
";Львов, Галицкий
Электронная книга Amazon Kindle Paperwhite 10th Generation 8GB;"
3 640 грн.
";Киев, Голосеевский
Amazon Kindle Paperwhite 7 generation. Новая. Гарантия. От магазина;"
1 999 грн.
";Киев, Оболонский
Электронная книга Sony PSR-300. Все форматы. Русский. 5 дюймов.Магазин;"
399 грн.
";Киев, Оболонский
Amazon Kindle 8 generation. 2017-2018 года. Сенсорный. Черный.Гарантия;"
999 грн.
";Киев, Оболонский
Kindle Oasis. 10 поколение. 8гб. Новый. Запечатан. 7 дюймов. Гарантия;"
5 999 грн.
";Киев, Оболонский
Nook Simple Touch. BNRV300. Все форматы. Русский. Гарантия.От магазина;"
699 грн.
";Киев, Оболонский
Kindle 2022. Refurbished. Как новый. Гарантия. Из США;"
1 799 грн.
";Киев, Оболонский
Электронная книга Kindle 4;"
1 000 грн.
";Мукачево
"Amazon Kindle Paperwhite Kids 11th Gen 6.8"" 2022 с обложкой, ONLINE";"
5 450 грн.
";Днепр, Чечеловский
Amazon Kindle Paperwhite 10 gen 8Gb;"
3 500 грн.
";Хмельницкий
Onyx Boox Note Air 2 Вся линейка Onyx Nova Color Note Poke 3 Leaf Lumi;"
15 133 грн.
";Киев, Днепровский
"• 6,8"" дюйм • 2021 11 gen Новая! эл.книга Amazon Kindle PaperWhite 8Gb";"
4 699 грн.
";Львов, Галицкий
Електронные;"
150 грн.
";Одесса, Киевский
Электронная книга Ergo book 0502R;"
500 грн.
";Киев, Днепровский
"Amazon Kindle Paperwhite Kids 11th Gen 6.8"" 2021 запечатана в обложке";"
5 450 грн.
";Днепр, Шевченковский
Электронная книга Kobo Touch;"
800 грн.
";Новодружеск
Электронную сенсорную книгу Posketbook 622 в рабочем состоянии, б/у.;"
800 грн.
";Киев, Деснянский
Электронная книга Prestigio;"
400 грн.
";Киев, Печерский
Электронная книга Amazon Kindle Paperwhite 11th 2021. Лучше PocketBook;"
4 900 грн.
";Днепр, Соборный
Электронная книга PocketBook Pro 912 education в идеальном состоянии;"
3 500 грн.
";Одесса, Малиновский
Kindle (10th gen) 4gb (не Paperwhite) підсвітка + чохол;"
1 350 грн.
";Корсунь-Шевченковский
Amazon Kindle Paperwhite Kids 11th 2021 8Gb Нова Запакована;"
5 250 грн.
";Тернополь
В отл состоянии Amazon Kindle 3 с оригинальным чехлом с подсветкой;"
1 700 грн.
";Киев, Оболонский
Продам электронную книгу Sony Digital Paper Tablet DPT-CP1;"
7 500 грн.
";Черкассы
Электронная книга Amazon Kindle Paperwhite Kids (11 gen,2год гарантия);"
5 400 грн.
";Одесса, Малиновский
Электронная записная книжка;"
100 грн.
";Кривой Рог, Покровский
"Kobo Aura Edition 2  6""E Ink Carta сенсор+подсветка";"
1 999 грн.
";Киев, Соломенский
Раритетная электронная книга E-Book RCA REB1100 Thomson;"
750 грн.
";Киев, Печерский
Amazon Kindle Paperwhite. Подсветка.Гарантия. От магазина. Из США;"
999 грн.
";Львов, Галицкий
Электронная книга DIREC;"
200 грн.
";Киев, Днепровский
PocketBook e-Book Reader Basic Lux 2  model 616 8GB;"
1 950 грн.
";Одесса, Киевский
Электронная книга PocketBook;"
2 100 грн.
";Винница, Ленинский
Электронная книга Ergo book 0602;"
300 грн.
";Киев, Дарницкий
Remarkable 2. Как новый. 10 дюймов. Стилус - Marker Plus и Чехол;"
17 999 грн.
";Львов, Шевченковский
Электронная книга PocketBook;"
800 грн.
";Сумы
Remarkable 1. Как новый. 10 дюймов. Стилус. Электр блокнот. Чехол;"
9 999 грн.
";Львов, Шевченковский
Kindle Oasis 10 покол. Как новый. Теплота подсв. 8гб. Чехол;"
5 199 грн.
";Львов, Галицкий
Amazon Kindle 2022. 8 гб. Новый. Запечатан.Офлайн.Гарантия.От магазина;"
2 199 грн.
";Львов, Шевченковский
Onyx Boox Note Air. Новый. 10 дюймов. Открытая коробка. Гарантия;"
12 999 грн.
";Львов, Галицкий
Pocketbook 624 новый экран в пленке;"
1 130 грн.
";Запорожье, Днепровский
Смарт-блокнот с отпечатком Lockbook, беспроводная зарядка и USB 16GB;"
3 100 грн.
";Одесса, Киевский
Электронная книга Amazon Kindle Paperwhite 2021 Гарантия год от нас;"
5 440 грн.
";Киев, Голосеевский
Kindle paperwhite 2020. 8 гб. Водонепроницаемая. Из США;"
1 599 грн.
";Львов, Галицкий
"Amazon Kindle Paperwhite Kids 11th Gen 6.8"" 2022 с обложкой, ONLINE";"
5 450 грн.
";Днепр, Чечеловский
Отправляем. Електронная книга Amazon Kindle Paperwhite 10th 8gb black;"
2 899 грн.
";Киев, Голосеевский
Amazon Kindle Paperwhite. 6 поколение. Подсветка. Гарантия;"
1 199 грн.
";Киев, Оболонский
PpcketBook Basic Lux 2  (PB616W);"
2 800 грн.
";Одесса, Киевский
Onyx Boox Note. 10 дюймов. Стилус. Как новый. Гарантия;"
6 999 грн.
";Львов, Галицкий
Электронная книга Xiaomi Moaan inkpalm 5;"
3 800 грн.
";Ужгород
Продам электронную книгу GLOBEX. Б/У.;"
110 грн.
";Чернигов
Электронная книга (новая) 8 Гб kindle;"
2 500 грн.
";Киев, Деснянский
Pocketbook 616 электронная читалка в отличном состоянии срочно!;"
3 200 грн.
";Херсон
Электронная книга e-book Kobo n905c;"
990 грн.
";Корсунцы
"Amazon Kindle DX 9.7""";"
1 590 грн.
";Черновцы
Pocketbook 902 (типу Pocketbook 912);"
1 950 грн.
";Калуш
Электронная книга Amazon Kindle 5.12;"
1 700 грн.
";Харьков, Основянский
Электронная книга Prestigio Nobile per3574B + 16GB MicroSD;"
1 000 грн.
";Львов, Сиховский
Pocketbook 623. З підсвіткою.;"
1 800 грн.
";Житомир, Аэропорт
Электронная записная книга Casio;"
130 грн.
";Украинка
Электронная книга Amazon Kindle Paperwhite 10th Gen 8GB;"
3 300 грн.
";Киев, Дарницкий
Электронная книга Barnes & Noble Nook Color;"
300 грн.
";Харьков, Шевченковский
Kindle 7. Электронная книга.;"
1 700 грн.
";Киев, Шевченковский
Отправляем. Електронная книга Amazon Kindle Paperwhite 10th 8gb black;"
2 899 грн.
";Киев, Голосеевский
Отправляем. Електронная книга Amazon Kindle Paperwhite 11th 8gb black;"
4 690 грн.
";Киев, Голосеевский
Amazon kindle 7gen, 2014;"
1 899 грн.
";Киев, Днепровский
Електронна книга Microsoft Power Platform Fundamentals;"
820 грн.
";Самбор
Разбитая электронная книга Prestigio eBook PER3664;"
100 грн.
";Днепр, Центральный
Kindle 2022. 10 поколение. Новая. Черный. Белый. Гарантия. От Магазина;"
1 599 грн.
";Киев, Оболонский
Kindle Paperwhite. Подсветка. Гарантия. Из США;"
799 грн.
";Киев, Оболонский
Электронная книга Onyx Boox Max Lumi 2  (13,3 диагональ);"
27 700 грн.
";Одесса, Киевский
ENOT starbook электронная книга;"
700 грн.
";Киев, Шевченковский
Pocketbook для книголюбів, підсвітка;"
2 000 грн.
";Скнилов
Электронная книга ERGO 0704;"
300 грн.
";Чоповичи
Електронна книга Amazon Kindle. Читалка. Книга;"
2 000 грн.
";Тернополь
Продам электронную записную книжку CASIO SF-5580RS;"
650 грн.
";Киев, Печерский
Матрица Дисплей Экран ED060KC4 Amazon Kindle Paperwhite 10th Gen;"
1 590 грн.
";Одесса, Приморский
Pocketbook 631 Touch Hd wifi/подсветка;"
3 000 грн.
";Киев, Дарницкий
Електронная записная книга casio;"
100 грн.
";Винница, Ленинский
электронная книга Nook Simple Touch with GlowLight BNRV350;"
1 200 грн.
";Стрый
Електронна книга з підсвічуванням ONYX BOOX Poke 3 •НОВІ•РОЗПРОДАЖ•;"
5 730 грн.
";Львов, Франковский
Kindle 6 илеал;"
1 200 грн.
";Запорожье, Александровский
Goclever tab a73;"
500 грн.
";Ирпень
Электронную книгу Mediareader AE-501 (требует ремонта);"
150 грн.
";Киев, Дарницкий
Срочно продам!!!Электронная книга pocket book 678;"
1 999 грн.
";Киев, Деснянский
В наявності Комплект Amazon Kindle Paperwhite Kids 11th 2021;"
5 250 грн.
";Тернополь
Amazon Kindle 2022. 8 гб. Новый. Запечатан. Гарантия. От магазина;"
2 699 грн.
";Львов, Галицкий
В отл состоянии Amazon Kindle 3 с оригинальным чехлом с подсветкой;"
1 700 грн.
";Киев, Оболонский
Электронная книга Amazon Kindle Paperwhite 10th Generation 8GB;"
3 640 грн.
";Киев, Голосеевский
Электронная книга Sony PSR-300. Все форматы. Русский. 5 дюймов.Магазин;"
399 грн.
";Киев, Оболонский
PocketBook 606 електронна книга;"
2 900 грн.
";Ровно
• из США • НОВАЯ! 10 Gen 2019/2021 Электронная книга Amazon Kindle;"
2 299 грн.
";Львов, Галицкий
Електронна книжка Kindle oasis 32gb graphite;"
6 000 грн.
";Львов, Галицкий
Ашка электронная;"
800 грн.
";Херсон
Kindle Peperwhite новая черного цвета;"
3 400 грн.
";Полтава
Prestigio Nobile PER3374B;"
800 грн.
";Кривой Рог, Покровский
Електронні книги PocketBook 632 Touch HD 3 Gray/Spicy Copper •НОВІ•;"
4 702 грн.
";Львов, Франковский
Електронна книга PocketBook 628 Touch Lux 5 Black/Red НОВІ•ГАРАНТІЯ•;"
3 849 грн.
";Львов, Франковский
Электронная книга.Милые кости;"
30 грн.
";Возрождения
Електронна книга Tolino shine 3hd;"
1 500 грн.
";Винница, Ленинский
Електронна книга Tolino shine;"
1 200 грн.
";Винница, Ленинский
Электронная книга  WEXLER  T7022;"
900 грн.
";Кривой Рог, Покровский
электронная книга Amazon Kindle Paperwhite DP75SDI;"
1 500 грн.
";Стрый
PocketBook IQ 701 Red;"
850 грн.
";Первомайск
Смарт-блокнот с отпечатком Lockbook, беспроводная зарядка и USB 16GB;"
3 100 грн.
";Одесса, Киевский
Kindle Paperwhite 6 Generation в идеальном состоянии;"
1 300 грн.
";Киев, Дарницкий
POCKETBOOK 602pro плата.;"
100 грн.
";Чернигов
Продам планшет PocketBook Surfpad 2 Black (PBS2-Y-CIS)  7 дюймов;"
500 грн.
";Харьков, Новобаварский
Amazon Kindle paperwhite DP75SDI;"
1 299 грн.
";Киев, Соломенский
НЕ ТУПИ. (електронная книга);"
28 грн.
";Киев, Дарницкий
Книга электронная Ergo Book 0601;"
1 200 грн.
";Одесса, Суворовский
Pocketbook Mini серый;"
950 грн.
";Днепр, Шевченковский
Электронная книга Kindle model D01100;"
300 грн.
";Запорожье, Днепровский
Электронная книга e-ink Assistant;"
1 500 грн.
";Мелитополь
Электронная книга Amazon Kindle Paperwhite 2021 Гарантия год от нас;"
5 440 грн.
";Киев, Голосеевский
Onyx Boox Nova Air Вся линейка Onyx Nova Color Air2 Note5 Leaf Lumi 2;"
10 138 грн.
";Киев, Днепровский
Электронная книга airbook city base + чехол;"
3 000 грн.
";Чугуев
Amazon Kindle 2021 НОВЫЙ НЕ РАСПЕЧАТАННЫЙ электронная книга читалка;"
2 100 грн.
";Полтава
Электроннная книга Pocketbook на запчасти, под разбор;"
294 грн.
";Киев, Шевченковский
Электронная книга Amazon Kindle 6;"
1 700 грн.
";Запорожье, Александровский
Pocketbook 630 Sense. Підсвітка;"
2 100 грн.
";Городок
Продам электронную книгу Inch A5i;"
800 грн.
";Полтава
Планшет Amazon Kindle Fire 7 требуют ремонта;"
200 грн.
";Черкассы
Продам электронную книгу Pocketbook 631 Touch HD;"
2 600 грн.
";Харьков, Слободской
Познавательная книга;"
50 грн.
";Крыжановка
Электронная  книга  TB-780HD;"
1 000 грн.
";Киев, Голосеевский
Електронная книга Amazon Kindle Paperwhite;"
1 800 грн.
";Винница, Ленинский
Электронная книга;"
400 грн.
";Угледар
продам электронную книгу Kindle.оригинал.;"
450 грн.
";Киев, Дарницкий
Pocketbook surfpad u7  планшет;"
600 грн.
";Киев, Деснянский
Kindle Paperwhite. Подсветка. Гарантия. Из США;"
799 грн.
";Киев, Оболонский
Onyx Boox Note Air. Новый. 10 дюймов. Открытая коробка. Гарантия;"
12 999 грн.
";Львов, Галицкий
Електронна книга Amazon Kindle Paperwhite 2012 EY21;"
1 500 грн.
";Киев, Дарницкий
"• 6,8"" дюйм • 2021 11 gen Новая! эл.книга Amazon Kindle PaperWhite 8Gb";"
4 699 грн.
";Львов, Галицкий
Amazo Kindle 6(8tn Gen) 2016;"
1 585 грн.
";Киев, Шевченковский
Книга  PocketBook  colorlux 801 + чехол;"
500 грн.
";Запорожье, Коммунарский
Электронная книга с подсветкой Amazon Kindle Paperwhite 10th Gen. 8GB;"
2 200 грн.
";Сумы
Kindle Paperwhite. Refurbished. Как новый. На подарок. Гарантия;"
1 499 грн.
";Львов, Галицкий
"Электронная книга Texet"" TB- 416 (разборка).";"
60 грн.
";Киев, Оболонский
Электронная книга Odys Scala 4 gb;"
300 грн.
";Одесса, Малиновский
Електронна книга Kobo Touch з Канади + шкіряний чохол;"
3 200 грн.
";Ивано-Франковск
Meizu m6 note grey;"
2 500 грн.
";Кривой Рог, Саксаганский
Onyx Boox Nova 3 Color 7,8’’. Нова. В Коробці;"
11 450 грн.
";Луцк
Електронная книга PocketBook 616 Basic Lux 2 Obsidian Black;"
3 000 грн.
";Мариуполь
Kindle Paperwhite 2017. 7 поколение. Белый. Гарантия. Магазин. Из США;"
1 399 грн.
";Львов, Галицкий
Kindle 8 поколения. Как новый. Комплект. Гарантия. Магазин. Из США;"
1 449 грн.
";Киев, Оболонский
Kindle Paperwhite 2021. 11 поколение. Новый. 7 дюймов. Гарантия;"
4 199 грн.
";Львов, Шевченковский
Електронна книжка Kindle;"
250 грн.
";Сокаль
Електронна книга Qumo Fresh!;"
150 грн.
";Львов, Лычаковский
Продам электронную книгу;"
700 грн.
";Софиевская Борщаговка
"Электронная книга Amazon Kindle Paperwhite 6"" С подсветкой Б/У";"
750 грн.
";Харьков, Киевский
электронная книга Wexler Flex ONE e-ink с гибким экраном;"
1 100 грн.
";Горбаневка
PocketBook SurfPad U7;"
850 грн.
";Черкассы
Книга электронная покетбук полный комплект;"
899 грн.
";Черкассы
Электронная   книга;"
2 000 грн.
";Лубны
Электронная книга  Pocketbook 624;"
720 грн.
";Киев, Деснянский
Электронная книга Kindle Amazon  4;"
749 грн.
";Каменское
Електрона книга;"
2 200 грн.
";Львов, Лычаковский
PocketBook Pro 902  Экран 9,7″;"
3 000 грн.
";Одесса, Малиновский
Електронна книга PocketBook 606 в новому стані;"
2 500 грн.
";Запорожье, Вознесеновский
Электронная книга TeXet TB-721HD;"
199 грн.
";Киев, Деснянский
Электронная книга e-book Assistant или на запчасти;"
200 грн.
";Киев, Шевченковский
Электронная книга Texet TB-840HD + DATA кабель + блок питания;"
250 грн.
";Николаев, Заводский
Tolino Vision 4 HD 8GB E-Reader електронна книжка HD E Ink Carta;"
599 грн.
";Львов, Галицкий
Электронная книга Prestigio Libretto PER3072B;"
500 грн.
";Мариуполь
Электронная книга, Электротехника;"
50 грн.
";Возрождения
Электронная книга;"
35 грн.
";Возрождения
Продам Lenovo A6000;"
500 грн.
";Хыров
Nextbook next7p12;"
350 грн.
";Мелитополь
Kindle Oasis. 10 поколение. Новый. 32 гб. Теплота подсветки. Гарантия;"
5 499 грн.
";Львов, Шевченковский
Электронная книга Kindle 4;"
700 грн.
";Житомир, Центр
Sony PRS-T2, електронная книга;"
1 200 грн.
";Киев, Шевченковский
Электронная книга PocketBook 624 сенсор Fb2 Читает все форматы;"
1 850 грн.
";Киев, Днепровский
Remarkable 2. Как новый. 10 дюймов. Стилус - Marker Plus и Чехол;"
17 999 грн.
";Львов, Шевченковский
Amazon kindle 7gen, 2014;"
1 899 грн.
";Киев, Днепровский
Электронная книга Amazon Kindle Paperwhite 10th Generation 8GB;"
3 640 грн.
";Киев, Голосеевский
Електронна книга PocketBook 628 Touch Lux 5 Ink Black/Red Нові;"
3 870 грн.
";Львов, Франковский
Pocketbook 741, InkPad 3, Pro;"
4 650 грн.
";Новояворовск
Электронная книга Amazon Kindle Touch E-Ink Pearl сенсонрая !;"
999 грн.
";Киев, Днепровский
"Электронная книга Большая 9,7"" Для школьных учебников CLASSIC PRO";"
3 300 грн.
";Киев, Днепровский
Amazon Kindle 5 gen D01100;"
700 грн.
";Киев, Деснянский
Электронная книга PocketBook 515 Mini;"
1 299 грн.
";Одесса, Суворовский
Amazon Kindle 2016. Гарантия. От магазина. Из США;"
499 грн.
";Львов, Галицкий
Amazon Kindle Touch. Сенсорный. Все форматы. Гарантия. От магазина.;"
499 грн.
";Львов, Галицкий
Nook Glowlight 3. Как новая. Теплота подсветки. Гарантия. Магазин;"
1 999 грн.
";Львов, Шевченковский
Электронная записная книжка CITIZEN RX-7000;"
100 грн.
";Сумы
Kindle Paperwhite 2021. 11 поколение. Новый. 7 дюймов. Гарантия;"
4 599 грн.
";Львов, Шевченковский
Amazon Kindle Basic 3 All-new 10th/типу Paperwhite. Чорна і біла;"
1 690 грн.
";Луцк
Sony PRS 950. 7 дюймов. Русский. Все форматы. Гарантия. Магазин;"
1 699 грн.
";Львов, Галицкий
Amazon Kindle Voyage. Как новый. Комплект. Гарантия. Магазин. Из США;"
2 499 грн.
";Львов, Галицкий
Kindle Oasis. 10 поколение. 32 гб. Новый. Запечатан. Гарантия. Из США;"
6 799 грн.
";Львов, Шевченковский
Электронная книга Amazon Kindle 5.8 WiFi;"
1 600 грн.
";Харьков, Основянский
Kindle Oasis. 10 поколение. Новый. 32 гб. Теплота подсветки. Гарантия;"
5 999 грн.
";Львов, Галицкий
Электронная книга Sony PRS-T1;"
1 700 грн.
";Киев, Днепровский
Amazon Kindle. 2016. Сенсорный. Черный. Гарантия;"
799 грн.
";Львов, Галицкий
Планшет електронна книжка nook dell kyros next book;"
350 грн.
";Тернополь
Электронная книга/планшет Wexler T7008 черный;"
2 350 грн.
";Киев, Шевченковский
Продам книгу;"
200 грн.
";Донецк, Киевский
Amazon Kindle Keyboard;"
999 грн.
";Львов, Галицкий
Amazon Kindle Fire + Cover;"
1 699 грн.
";Львов, Галицкий
Onyx Boox Poke 3 Вся линейка Onyx Nova Color Air 2 Note 5 Leaf Lumi 2;"
5 583 грн.
";Киев, Днепровский
Электронная книга ENOT V421;"
400 грн.
";Борисполь
nook glowlight книга;"
1 500 грн.
";Киев, Шевченковский
Новая электронная записная книжка Casio.Банк данных.;"
325 грн.
";Киев, Деснянский
"Электронная книга Nook с Подсветкой Wi-Fi Всe фoрматы книг
Браузер";"
1 699 грн.
";Киев, Деснянский
Электронная книга KOBO AURA H2O;"
2 500 грн.
";Киев, Оболонский
Продам планшет;"
850 грн.
";Запорожье, Александровский
Нова Електронна книга!!!POCKETBOOK 628 Touch Lux 5 Czarny;"
3 700 грн.
";Скнилов
eReader PocketBook Pro 602;"
1 600 грн.
";Киев, Дарницкий
"Продам нову електронну записну книгу ""CASIO"" DC-7500RS.";"
250 грн.
";Ивано-Франковск
Електронна книжка планшет  nook hd;"
650 грн.
";Тернополь
"Планшет электронная книга Amazon Kindle Fire 7"" 5th Gen SV98LN";"
680 грн.
";Запорожье, Вознесеновский
ENOT V432-M ebook;"
300 грн.
";Борисполь
Электронная книга Startex;"
800 грн.
";Житомир, Аэропорт
PocketBook 632 Touch HD 3 електронна книга;"
3 550 грн.
";Рясное-Русское
Электронная книга Airon Airbook city base;"
2 500 грн.
";Чабаны
Kindle Paperwhite Signature edition 2021. 11 поколение. Новый.Гарантия;"
6 499 грн.
";Львов, Галицкий
Remarkable 2. Как новый. 10 дюймов. Стилус - Marker Plus и Чехол;"
17 999 грн.
";Львов, Шевченковский
Акция! 10 Gen 2019/2021 • из США • Электронная книга Amazon Kindle;"
2 099 грн.
";Львов, Галицкий
В отл состоянии Amazon Kindle 3 с оригинальным чехлом с подсветкой;"
1 700 грн.
";Киев, Оболонский
Amazon Kindle Paperwhite 7 generation. Новая. Гарантия. От магазина;"
1 999 грн.
";Киев, Оболонский
Pocketbook 741, InkPad 3, Pro;"
4 650 грн.
";Новояворовск
Электронная книга PocketBook 741 Color Moon Silver;"
6 900 грн.
";Одесса, Киевский
Электронная книга Sony PRS-600;"
1 800 грн.
";Полтава
PocketBook IQ 701;"
222 грн.
";Киев, Деснянский
Электронная книга Amazone Kindle 4 model D01100;"
900 грн.
";Запорожье, Коммунарский
Электронная книга Amazone Kindle D00901;"
900 грн.
";Запорожье, Коммунарский
электронная книга Pocketbook 611 PDF FB2 Wi-Fi E-ink словари;"
1 300 грн.
";Киев, Деснянский
Електронна книга Великий екран PocketBook Pro 902 Школяру в допомогу;"
3 200 грн.
";Киев, Деснянский
Электронная книга NOOK читает FB2 и все форматы книг !;"
999 грн.
";Киев, Деснянский
Электронная книга Nook Glowlight Подсветка + Все форматы книг;"
1 700 грн.
";Киев, Деснянский
"Електронна книга "" Моцарт 2.0 "" Дорж Бату";"
15 грн.
";Виноградов
Книга электронная texet TB-166;"
400 грн.
";Киев, Соломенский
Электронная книга pocketbook aqua;"
1 500 грн.
";Киев, Днепровский
Pocketbook Pro 912 Електронна книга 9,7;"
3 400 грн.
";Львов, Франковский
Sony PRS T1. Сенсорная. Все форматы. Русский. Гарантия. Из США;"
699 грн.
";Львов, Галицкий
телефон ( кнопки сенсор или и то и то;"
300 грн.
";Киев, Оболонский
Amazon Kindle 5. Все форматы. Кнопочный. Магазин. Гарантия.Из США;"
699 грн.
";Львов, Галицкий
Электронная книга цветная  как новая;"
550 грн.
";Харьков, Холодногорский
Kindle с подсветкой (7 поколение);"
1 300 грн.
";Киев, Святошинский
Электронная книга Nook Simple Touch в  идеальном состоянии;"
600 грн.
";Киев, Подольский
Читалка ereader Kobo N647;"
600 грн.
";Харьков, Немышлянский
"13,3"" Электронная книга - монитор Onyx Boox Max 2 с HDMI входом";"
18 500 грн.
";Киев, Деснянский
"Електронна книга TeXet TB-721HD Red 7"" TFT 800x480";"
599 грн.
";Ровно
Электронная книга texet TB-721HD;"
1 500 грн.
";Киев, Днепровский
Продам на запчасти книгу pocket book 610;"
300 грн.
";Киев, Шевченковский
Електронна книга Kobo glo;"
1 400 грн.
";Львов, Сиховский
Продам PocketBook 606. Торг;"
2 500 грн.
";Кременчуг
PocketBook 740 книга на разборку раздавлен экран;"
1 000 грн.
";Киев, Оболонский
Amazon Kindle New;"
1 350 грн.
";Киев, Подольский
"Электронная книга EBook Reader 2GB +SD E-Ink 6"" тачскрин";"
895 грн.
";Киев, Шевченковский
Электронная книга Amazon Kindle All-new 10th Gen. 2019 Black;"
2 700 грн.
";Киев, Оболонский
Элементы лектронной книги Amazon Kindle 3 с Wi-Fi и Sim картой;"
100 грн.
";Киев, Соломенский
Электронная книга Lbook eReader V5 White/Белый. Полный комплект.;"
700 грн.
";Белополье
Электронная книга Amazon Kindle 3 gen;"
800 грн.
";Николаев, Центральный
Pocketbook 640 Aqua. захист від води.;"
1 600 грн.
";Дубляны
Електронна книга TEXET TB-721HD;"
200 грн.
";Красилов
Електроная книга citizen;"
450 грн.
";Ильичевка
Electronic Organizer Oregon Scientific DB-139;"
100 грн.
";Тернополь
электронная книга Globex SmartBook;"
500 грн.
";Белгород-Днестровский
Электронная книга Amazon Kindle Paperwhite;"
1 500 грн.
";Белгород-Днестровский
Чехол для электронной книги Amazon Kindle;"
300 грн.
";Полтава
Amazon Kindle Paperwhite. 6 поколение. Подсветка. Гарантия;"
1 199 грн.
";Киев, Оболонский
Kindle Paperwhite 2020. 8 гб. Гарантия. Из США. От магазина;"
1 999 грн.
";Киев, Оболонский
Самый новый Amazon Kindle Oasis 10Gen 32GB Graphite;"
5 599 грн.
";Киев, Шевченковский
Отправляем. Електронная книга Amazon Kindle Paperwhite 11th 8gb black;"
4 690 грн.
";Киев, Голосеевский
kindle paperwhite 7th generation;"
1 700 грн.
";Львов, Сиховский
Электронную книгу сенсорную SONY PRS-T1 в отличном состоянии.;"
800 грн.
";Киев, Деснянский
Электронная книга AirBook PRO 8S;"
1 200 грн.
";Киев, Печерский
Электронная книга Amazon Kindle 7 с wifi;"
1 200 грн.
";Киев, Оболонский
Kindle Paperwhite dp75 sdi;"
1 550 грн.
";Киев, Подольский
Автопереводчик на 5 языков;"
300 грн.
";Черкассы
Электронная книга на запчасти;"
350 грн.
";Днепр, Соборный
"Электронная книга Amazon Kindle 4 gen, Wi-Fi, 6"" E-Ink, D01100";"
1 499.99 грн.
";Нежин
Электронная записная книжка CITIZEN RX-6600/ 64 кб.;"
280 грн.
";Смела
Электронная записная книжка Citizen 2700/ 8 КБ.;"
250 грн.
";Смела
Электронная записная книжка Citizen RX-3400/40 КБ.;"
250 грн.
";Смела
Pocketbook Surfpad 2;"
300 грн.
";Смела
Е-підручник электронная книга книжка елекиронний підручник HD;"
1 830 грн.
";Киев, Подольский
Электронная книга Amazon Kindle 4 Touch D01200;"
800 грн.
";Сумы
Электронная книга Kindle 8gen (sy60jl);"
1 200 грн.
";Киев, Дарницкий
Электронная записная книжка CITIZEN;"
100 грн.
";Донецк, Ленинский
Продам Kindle Paperwhite (2 gb);"
1 950 грн.
";Киев, Голосеевский
Продам б/у электронную книгу Pocketbook 301 plus;"
970 грн.
";Киев, Дарницкий
Электронная книга barnes & noble nook сенсорний дисплей;"
1 000 грн.
";Рогозов
Продам електронну книгу pocket book;"
1 000 грн.
";Переяслав-Хмельницкий
Электронная книга sony;"
500 грн.
";Киев, Деснянский
Pocketbook Basic2;"
1 800 грн.
";Южное
Книжка электронная;"
700 грн.
";Житомир, Богунский
Продам электронную книгу LBook eReader V3;"
400 грн.
";Киев, Дарницкий
Электронная книга Sony PRS-300;"
499 грн.
";Киев, Днепровский
Электронная книга Sony PRS-300;"
1 600 грн.
";Киев, Шевченковский
Электронный органайзер ASSISTANT S732 32кб.;"
100 грн.
";Донецк, Будённовский
Pocketbook 628 з підсвіткою. ГАРантія!;"
3 300 грн.
";Калуш
PocketBook Touch Lux 3;"
2 000 грн.
";Киев, Дарницкий
Kobo Clara HD з температурою підсвітки!;"
2 200 грн.
";Калуш
Электронная книга Ectaco-EFR630T;"
300 грн.
";Кременчуг
Amazon kindle fire HD 3gen;"
500 грн.
";Кулевча
Электронная книга на запчасти;"
250 грн.
";Полтава
Электронная книга Amazon Kindle wifi;"
900 грн.
";Кривой Рог, Покровский
Єлектронна книжка Barnes&Noble Nook 1st.;"
900 грн.
";Киев, Святошинский
"Электронная книга Amazon Kindle Touch D01200
сенсорна";"
800 грн.
";Луцк
Продам электронную книгу Amazon Kindle 3;"
450 грн.
";Вознесенск
Amazon Kindle Paperwhite 4 8Гб 300ppi 2020рік;"
2 800 грн.
";Ровно
Электронная книга Pocketbook 301;"
250 грн.
";Запорожье, Заводский
В наявності Комплект Amazon Kindle Paperwhite Kids 11th 2021;"
5 250 грн.
";Тернополь
Электронная книга Xiaomi Moaan inkpalm 5;"
3 800 грн.
";Ужгород
Amazon Kindle Voyage. Подсветка. 300ppi. Гарантия. Магазин. Из США;"
1 699 грн.
";Киев, Оболонский
Amazon Kindle 5. Все форматы. Гарантия. Магазин. Из США;"
499 грн.
";Львов, Галицкий
Отправляем. Електронная книга Amazon Kindle Paperwhite 10th 8gb black;"
2 899 грн.
";Киев, Голосеевский
Продам электронную книгу Nook Simple Touch with GlowLight;"
2 500 грн.
";Киев, Печерский
Электронная книга Sony PRS 300;"
1 000 грн.
";Сумы
Электронная книга  Amazon Kindle 6 4GB;"
800 грн.
";Сумы
Електронная книга  pocketbook;"
4 500 грн.
";Черноморск
Pocketbook X PB 1040;"
10 500 грн.
";Львов, Сиховский
продам электронную книгу viewsonic ebook;"
1 250 грн.
";Одесса, Приморский
Книга Sony prs-t1;"
1 000 грн.
";Киев, Оболонский
Продам електронную книгу nook BNTV600;"
400 грн.
";Киев, Подольский
Amazon Kindle 4 5 gen D01100;"
1 000 грн.
";Киев, Дарницкий
Електронна книга Amazon Kindle Paperwhite 2012 EY21;"
1 500 грн.
";Киев, Дарницкий
Электронна книга Amazon Kindle Paperwhite. Модель: DP75SDI;"
1 500 грн.
";Киев, Дарницкий
Электронная книга PocketBook;"
2 500 грн.
";Алексеевка
Электронная книга Wexler book T7011(на зап. части);"
100 грн.
";Донецк, Кировский
Електронна книга PocketBook A7+ чохол+ MicroSD на 4 Гб;"
1 300 грн.
";Киев, Дарницкий
Электронная книга Sony prs-300;"
800 грн.
";Киев, Шевченковский
Електронна книга планшет Waxler;"
550 грн.
";Винница, Замостянский
"Камера IP-видеокамера

Wi-Fi atis";"
2 199 грн.
";Донецк, Ворошиловский
Продам электронную книгу Ergo Book 0601 (повреждена);"
150 грн.
";Желтые Воды
Электронная книга Sony prs T1 Отличное состояние Wi-Fi Сенсор;"
1 350 грн.
";Киев, Деснянский
Электронная книга Sony prs T2 Отличное состояние Fb2 Wi-Fi;"
1 550 грн.
";Киев, Деснянский
Електронна книга Inves Wibook 600t;"
779 грн.
";Львов, Железнодорожный
Электронная книга Nook;"
200 грн.
";Черновцы
Электронная книга Evromedia E-підручник читает все форматы книг;"
1 200 грн.
";Киев, Деснянский
"Электронная книга 9.7"" Kindle Dx Большая книга для школы";"
3 500 грн.
";Киев, Деснянский
"Электронная книга 9,7"" Pocketbook Pro 912 Школьнику Большой экран";"
3 400 грн.
";Киев, Деснянский
электронная книга РИДЕР читалка eBook Reader;"
600 грн.
";Винница, Ленинский
Электронная книга Evromedia Все форматы книг + аудио книги;"
1 550 грн.
";Киев, Деснянский
Электпонная книга Wexler Book E5001;"
700 грн.
";Запорожье, Вознесеновский
Ободки в украинском стиле, ручной работы;"
120 грн.
";Белая Церковь
Планшет-электронная книга MID 9,7;"
100 грн.
";Харьков, Основянский
Електронна книга Sony PRS-600;"
1 500 грн.
";Жашков
Электронная книга Kindle paperwhite;"
1 600 грн.
";Черновцы
Электронная книга Amazon Kindle Keyboard 3G + WiFi;"
600 грн.
";Полтава
Электронный переводчик Рус-Английский;"
300 грн.
";Киев, Дарницкий
Amazon Kindle 10 2019 4GB Електронна книга з підсвіткою;"
1 800 грн.
";Ровно
Электронная книга Sony prs T1 Отличное состояние;"
1 300 грн.
";Киев, Днепровский
Электронная книга PocketBook 622 Wi-Fi Fb2 Pdf Сенсорная Аудиокниги;"
1 750 грн.
";Киев, Деснянский
Электронная книга AirBook City Light Touch Подсветка Wi-Fi Fb2 Pdf;"
1 800 грн.
";Киев, Деснянский
Электронная книга PocketBook 626 Подсветка Wi-Fi Fb2 Pdf Сенсор;"
2 500 грн.
";Киев, Деснянский
"Amazon Kindle Paperwhite Kids 11th Gen 6.8"" 2021 запечатана в обложке";"
5 450 грн.
";Днепр, Шевченковский
Kindle paperwhite 2020. 8 гб. Водонепроницаемая. Из США;"
1 599 грн.
";Львов, Галицкий
Nook Glowlight Plus. Как новый. Подсветка. 300ppi.Гарантия.От магазина;"
1 399 грн.
";Киев, Оболонский
Электронная книга Amazon Kindle Paperwhite 10th Gen 8GB;"
3 300 грн.
";Киев, Дарницкий
Самый новый Amazon Kindle Oasis 10Gen 32GB Graphite;"
5 599 грн.
";Киев, Шевченковский
Электронная книга Pocketbook 301 Е-ink Fb2 Pdf школьнику;"
1 000 грн.
";Киев, Днепровский
"6.8"" Kobo Aura HD N204B плюс Чохол";"
2 900 грн.
";Бережаны
Электронная книга Sony prs T1 Отличное состояние Wi-Fi + Чехол Sony;"
1 450 грн.
";Киев, Деснянский
Электронная книга Kindle читает fb2 есть Wi-fi эл. чернила e-ink Pearl;"
1 000 грн.
";Киев, Деснянский
Электронная книга Pocketbook 515 читает FB2 и Все форматы книг;"
1 340 грн.
";Киев, Деснянский
Продам электронную книгу Sony kindle;"
600 грн.
";Николаев, Ингульский
Электронная книга;"
1 500 грн.
";Киев, Шевченковский
Електронна книга Sony prs t1;"
1 050 грн.
";Львов, Шевченковский
Sony prs-300 электронная книга;"
600 грн.
";Полтава
Электронная книга E-підручник classic pro;"
2 900 грн.
";Черновцы
Электронная книга PocketBook;"
500 грн.
";Славянск
"Электронная книга SmartBook E-Book 4GB ,1800mAh, 6"", размер 11х16,5см";"
1 980 грн.
";Киев, Голосеевский
Електронна Книга Kindel Amazon;"
750 грн.
";Полтава
Электронная книга Amazon Kindle 3;"
1 000 грн.
";Киев, Голосеевский
Электронная книга Покетбук  (побит экран);"
200 грн.
";Киев, Соломенский
Электронная книга Kindle;"
2 800 грн.
";Киев, Голосеевский
Электронная книга Amazon Kindle Школьнику Читает все форматы WiFi;"
1 200 грн.
";Киев, Деснянский
Электронная книга Pocketbook 622;"
1 700 грн.
";Киев, Оболонский
Сенсорний Apple iPhone 5s Apple iPhone 5s;"
900 грн.
";Ивано-Франковск
Электронная записная книжка Casio DC-7500RS;"
100 грн.
";Киев, Святошинский
Ipad 5/32gb 2017 рік заблокований,стан нового;"
3 100 грн.
";Коломыя
Электронная книга Prestigio;"
800 грн.
";Днепр, Новокодакский
Планшет, электронная книга Ritmix RBK-497;"
250 грн.
";Сумы
электронная книга тексет (texet tb 723a) на запчасти;"
700 грн.
";Алексеевка
Электронная книга PocketBook 614;"
1 200 грн.
";Запорожье, Днепровский
Электронная книга PocketBook 614 basic 3 Читает Все форматы книг;"
1 550 грн.
";Киев, Деснянский
Электронная книга Nook Glowlight с Подсветкой Читает Фб2 Fb2;"
1 750 грн.
";Киев, Деснянский
Электронная книга NOOK читает Все фoрматы книг;"
1 100 грн.
";Киев, Деснянский
Электронная книга 9,7 дюймов EvroMedia Е-Учебник Classic Pro;"
3 300 грн.
";Киев, Деснянский
Продам электроннаую книгу Pocketbook 740 Color Moon Silver;"
7 999 грн.
";Зазимье
Электронная книга AirBook City Light Подсветка Wi-Fi Всe фoрматы книг;"
1 695 грн.
";Киев, Деснянский
Электронная книга Amazon Kindle d00901. Б/у. Нерабочая!;"
300 грн.
";Днепр, Чечеловский
Электронная книга Assistant Ae 601;"
100 грн.
";Донецк, Будённовский
Планшет Amazon Kindle Fire;"
850 грн.
";Лисичанск
Amazon Kindle Fire HD 7 IPS 3th Gen (P48WVB4);"
700 грн.
";Хмельницкий
Електронная книга prestigio;"
100 грн.
";Кривой Рог, Покровский
"Електронна книга Le Pan 9.7""";"
950 грн.
";Ивано-Франковск
Электронная книга Wexler на запчасти;"
250 грн.
";Харьков, Киевский
Nextbook nxa8qc116;"
250 грн.
";Ужгород
Электронная книга Tolino Shine 3 новая HD 300 ppi Германия;"
3 300 грн.
";Киев, Дарницкий
Kindle Paperwhite. Подсветка. Гарантия. Из США;"
799 грн.
";Киев, Оболонский
Электронная книга Amazon Kindle Paperwhite 10th Gen 8GB;"
3 300 грн.
";Киев, Дарницкий
Продам pocketbook 632 hd3;"
3 800 грн.
";Харьков, Слободской
Kindle Oasis 10 покол. Как новый. Теплота подсв. 8гб. Чехол;"
5 199 грн.
";Львов, Галицкий
Електронная книга читалка Poketbook 701 IQ;"
650 грн.
";Луцк
Touch lux 2, электронная книга, читалка;"
2 100 грн.
";Гнатовка
Электронная книга ECTACO JetBook;"
1 500 грн.
";Киев, Днепровский
Электронная книга PocketBook 627 Touch Lux 4;"
4 000 грн.
";Херсон
Электронная книга EvroMedia E-учебник Classic Lite;"
700 грн.
";Черкассы
Электронная книга Pocketbook 606;"
2 000 грн.
";Харьков, Московский
Электронная книга Wexler Flex One экран не бьется Читает все форматы!;"
1 400 грн.
";Киев, Деснянский
Продам електронну книгу KINDLE 10 покоління;"
3 500 грн.
";Житомир, Богунский
Электронная книга;"
1 850 грн.
";Маньковка
Электронная книга Sony PRS-600;"
1 450 грн.
";Киев, Деснянский
Електронна книга Sony PRS-T2;"
1 200 грн.
";Ивано-Франковск
Kindle Paperwhite 8 Gb Waterproof (previous generation - 2018 release);"
2 799 грн.
";Львов, Сиховский
Электронная книжка  kindle 6th generation;"
1 500 грн.
";Винница, Ленинский
Планшет под ремонт;"
380 грн.
";Николаев, Заводский
Камера Ip камера WiFi atis;"
2 220 грн.
";Макеевка
Электронная книга AirCity;"
500 грн.
";Киев, Святошинский
Электронная книга Pocketbook A10;"
1 000 грн.
";Киев, Святошинский
Kobo Glo Hd. Подсветка. Гарантия. Магазин. Из США;"
999 грн.
";Львов, Шевченковский
Крутая электронная книга Sony PRS-T1. Лучше Pocketbook!;"
2 050 грн.
";Одесса, Приморский
Електронні book 2шт;"
350 грн.
";Тернополь
Kindle 7 поколения. Как новый. Комплект. Гарантия. Магазин. Из США;"
1 299 грн.
";Львов, Шевченковский
Электронная книга Amazon Kindle Paperwhite  8GB новая 10Gen онлайн;"
3 590 грн.
";Луцк
PocketBook InkPad X;"
11 000 грн.
";Ильница
Електронна Книга PocketBook Touch Lux 4;"
1 200 грн.
";Киев, Оболонский
Продам Amazon Kindle 4;"
1 000 грн.
";Запорожье, Шевченковский
Электронный органайзер Personal Organizer;"
100 грн.
";Житомир, Центр
Комікс Гарфілд. Том 1. Видавництво Molfar Comics. На Українській мові.;"
200 грн.
";Харьков, Московский
Продам электронная книга;"
1 250 грн.
";Одесса, Приморский
Электронная книга SONY;"
1 100 грн.
";Кривой Рог, Саксаганский
Электронный органайзер Assistant S764, новый, 64 КБ.;"
350 грн.
";Ротмистровка
Amazon Kindle Paperwhite 3 7th Wi-Fi Електронна книга з підсвіткою;"
1 650 грн.
";Ровно
Pocket Book Obreey 611;"
1 500 грн.
";Кривой Рог, Покровский
Читалка и не только;"
200 грн.
";Пятихатки
Електронна книга QUMO Relax;"
460 грн.
";Львов, Франковский
Электронная книга Kindel;"
1 200 грн.
";Деревянко
Nook GlowLight BRNV500 Електронна книга з підсвіткою;"
1 570 грн.
";Ровно
"Електронна книжка Tolino Vision 5  7"" Нова!!!";"
5 450 грн.
";Львов, Железнодорожный
Електронная книга Barnes & Noble Nook Tablet Pre-Owned;"
300 грн.
";Золотоношка
Продам электронную книгу impression computers inbook 0211;"
800 грн.
";Киев, Печерский
Onyx Boox Note. 10 дюймов. Стилус. Как новый. Гарантия;"
6 999 грн.
";Львов, Галицкий
Электронная книга Amazon Kindle Paperwhite 10th Gen 8GB;"
3 300 грн.
";Киев, Дарницкий
Продам электронную книгу Pocketbook 631 Touch HD;"
2 600 грн.
";Харьков, Слободской
Электронная книга Amazon Kindle Paperwhite 11th 2021. Лучше PocketBook;"
4 900 грн.
";Днепр, Соборный
Amazon Kindle 8 generation. 2017-2018 года. Сенсорный. Черный.Гарантия;"
999 грн.
";Киев, Оболонский
Книга Электронная Sony PRS-600 Сенсорная +Стилус!  Лучше PocketBook а.;"
1 200 грн.
";Одесса, Приморский
Книга Pocketbook 614;"
1 700 грн.
";Киев, Оболонский
Электронная книга Kobo n613 glo wifi/touch/подсветка;"
1 900 грн.
";Киев, Оболонский
Amazon Kindle DX (2nd Generation) 4GB;"
3 300 грн.
";Львов, Франковский
Электронная Книга Amazon Kindle 4, плата и акб;"
350 грн.
";Южное
"Экран цветной дисплей 7"" Kindle Fire";"
250 грн.
";Днепр, Амур-Нижнеднепровский
"Электронная книга EVROMEDIA Е-підручник Classic Pro E-ink Pearl 9.7""";"
2 200 грн.
";Краматорск
Планшет PocketBook Surfpad 2;"
500 грн.
";Львов, Франковский
Продам електронну книгу Amazon Kindle 4 5 gen D01100;"
200 грн.
";Луцк
Електронна книга Amazon Kindle 10th Gen 8Gb Black;"
2 350 грн.
";Киев, Шевченковский
Электронная книга IconBIT;"
180 грн.
";Львов, Железнодорожный
PocketBook 628 ED060XCD электронная книга новая дисплей екран;"
600 грн.
";Днепр, Индустриальный
Электронная книга;"
450 грн.
";Днепр, Самарский
Amazon Kindle 6(8th gen) 2016;"
1 650 грн.
";Степная
Amazon Kindle Paperwhite 10 2021 32GB Електронна книга з підсвіткою;"
2 995 грн.
";Ровно
Amazon Kindle Paperwhite Kids 11th Gen 8GB 2021 ( запечатана из США );"
5 250 грн.
";Киев, Печерский
Электронная книга 9.7 Pocketbook 902 Е-ink Wі-fі Fb 2 Pdf школьнику;"
3 300 грн.
";Киев, Днепровский
Электронная книга Pocketbook 613 школьнику Е-ink Wі-fі Fb2 Pdf;"
1 300 грн.
";Киев, Днепровский
Enot Starbook 7 электронная книга;"
800 грн.
";Ватутино
Электронная книга casio;"
250 грн.
";Запорожье, Шевченковский
Электронная книга;"
1 000 грн.
";Одесса, Суворовский
prestigio multireader per3664 , электронная книга + 8gb sd карта;"
607 грн.
";Харьков, Московский
Kindle Paperwhite 2021. 11 поколение. Новый. Запечатан.7 дюйм.Гарантия;"
4 999 грн.
";Львов, Галицкий
Электронная книга WEXLER;"
294 грн.
";Макеевка
Amazon Kindle Touch. Все форматы. Гарантия. Магазин. Из США;"
799 грн.
";Львов, Галицкий
Pocketbook 740 коцнутый с чехлом;"
800 грн.
";Одесса, Приморский
Электронная книга Pocketbook Fb 2 Pdf + Все форматы книг + Аудио к;"
1 450 грн.
";Киев, Деснянский
Amazon Kindle toch 5.1.2 wifi+3G;"
1 300 грн.
";Харьков, Индустриальный 
Электронная книга Pocketbook 602 Prо Wi-Fi + аудиокниги;"
1 400 грн.
";Киев, Деснянский
Pocketbook 613 basic;"
250 грн.
";Калуш
nook электронная книга (под ремонт);"
400 грн.
";Одесса, Приморский
Электронная записная книга CITIZEN RX-3400II;"
20 грн.
";Сумы
Pocketbook pro 602;"
1 300 грн.
";Одесса, Малиновский
Kindle 4 (d01100)битый;"
120 грн.
";Макорты
электронная книга Globex SmartBook чернила e-ink 4gb e-book e-ink;"
250 грн.
";Киев, Дарницкий
Samsung kyobo book centre sne-60k ld06eswpe книга электронная e-link;"
350 грн.
";Киев, Дарницкий
Электронная книга Book чернила ereader e-link ibook v5 tianjin jinke;"
649 грн.
";Киев, Дарницкий
Самостоятельный ребёнок или как стать ленивой мамой Анна Быкова;"
150 грн.
";Харьков, Холодногорский
Електронна книга планшет Pocketbook U7;"
600 грн.
";Киев, Днепровский
Pocketbook 631 Touch Hd wifi/подсветка;"
3 000 грн.
";Киев, Дарницкий
Электронная книга Xiaomi Moaan inkpalm 5;"
3 800 грн.
";Ужгород
Amazon kindle 7gen, 2014;"
1 899 грн.
";Киев, Днепровский
Kindle paperwhite 2020. 8 гб. Водонепроницаемая. Из США;"
1 599 грн.
";Львов, Галицкий
Отправляем. Електронная книга Amazon Kindle Paperwhite 10th 8gb black;"
2 899 грн.
";Киев, Голосеевский
Електронна книга Pocketbook 603;"
1 100 грн.
";Киев, Днепровский
Электронная книга Pocketbook Basic, модель 611;"
1 100 грн.
";Одесса, Суворовский
Электронная книга PocketBook 622;"
600 грн.
";Киев, Оболонский
Електронна книга Pocketbook A7;"
650 грн.
";Киев, Дарницкий
Электронная книга Kindle школьнику Wi-Fi читает все форматы книг;"
1 100 грн.
";Киев, Деснянский
Электронная книга Pocketbook 614 Е-ink Wі-fі Fb2 Pdf школьнику;"
1 490 грн.
";Киев, Деснянский
Электронная книга требующая ремонт (побит экран). Kindle d01100;"
200 грн.
";Киев, Дарницкий
Электронная книга PocketBook 740 Color ПОД ЗАМЕНУ ЭКРАНА !!!;"
1 500 грн.
";Одесса, Приморский
Електронна книга Amazon Kindle 2;"
590 грн.
";Сумы
Электронная книга 7 дюймовая Literati Wi-fi подсветка;"
550 грн.
";Киев, Дарницкий
Электронная книга Pocketbook 627 Touch Lux 4 black;"
3 500 грн.
";Полтава
Электронная книга  Texet TВ-416;"
900 грн.
";Киев, Печерский
Amazon sy69jl (електронная книга);"
1 000 грн.
";Ладыжин
Продам электронную книгу Ergo;"
600 грн.
";Каменское
Электронная книга prestijio multipad texet;"
500 грн.
";Харьков, Киевский
Книга электронная Pocketbook 613;"
1 100 грн.
";Одесса, Суворовский
Електронна книга CITIZEN;"
70 грн.
";Изяслав
Casio SF4900 электронная записная книжка;"
100 грн.
";Ивано-Франковск
Аккумулятор к электронной книге Sony prs-600;"
280 грн.
";Киев, Подольский
Продам электронную книгу sony prs 300;"
600 грн.
";Каменское
Onyx Boox Prometheus;"
8 100 грн.
";Лапаевка
Торг. Pocketbook Pocket book Touch HD 631;"
2 300 грн.
";Теребовля
"Электронная записная книга ""Casio"" DC-7500RS";"
100 грн.
";Киев, Дарницкий
Электронная книга Ergo Book 0612 Black + microSD 8ГБ;"
900 грн.
";Киев, Соломенский
Продам электронную книгу;"
1 300 грн.
";Киев, Святошинский
«Идеальных не бывает» Андреа Оуэн;"
30 грн.
";Киев, Голосеевский
Pocketbook 622 електронна книга;"
1 450 грн.
";Самбор
электронная книга Amazon Kindle 3/fb2;"
750 грн.
";Стрый
Електронная книга 5 Kindle d0110;"
150 грн.
";Полтава
Електронна книга;"
950 грн.
";Черновцы
Электронная книга Sony PRS-T1;"
900 грн.
";Харьков, Немышлянский
"Електронна книга Amazon Kindle Oasis 8Gen 4Gb 6"" LTE Black used *3387";"
4 114 грн.
";Львов, Сиховский
PocketBook 626 Touch Lux 2;"
2 100 грн.
";Харьков, Немышлянский
Електронна книга Amazon Kindle Paperwhite 10th 8GB WiFi NewOpenBox;"
3 526 грн.
";Львов, Сиховский
Інтуїція Лоран Гунель електронна книга;"
30 грн.
";Ивано-Франковск
Электронная записная книжка;"
70 грн.
";Кривой Рог, Саксаганский
"Электронная книга  ""Wexler.Book T7004""";"
300 грн.
";Харьков, Слободской
Электронная книга;"
500 грн.
";Марьинка
Электронная книга enot;"
600 грн.
";Марьинка
Amazon Kindle 10th Gen Электронная книга Гарантия 1 год;"
2 540 грн.
";Киев, Голосеевский
Электронная книга Xiaomi Moaan inkpalm 5;"
3 800 грн.
";Ужгород
Електронна книга Microsoft Power Platform Fundamentals;"
820 грн.
";Самбор
Электронная книга Amazon Kindle Paperwhite 11th 2021. Лучше PocketBook;"
4 900 грн.
";Днепр, Соборный
Amazon Kindle 2022. 8 гб. Новый. Запечатан.Офлайн.Гарантия.От магазина;"
2 199 грн.
";Львов, Шевченковский
Электронная книга PockеtBook IQ 701;"
550 грн.
";Одесса, Приморский
kindle электронная книга;"
2 500 грн.
";Николаев, Корабельный
Корпус Kindle Paperwhite 7 2016;"
200 грн.
";Холодноводка
Amazon Kindle Paperwhite (с подсветкой) 2(3)nd (6(7)th Gen);"
1 600 грн.
";Луганск, Артёмовский
Электронная книга Digma.;"
200 грн.
";Черновцы
Продам электронную книгу;"
1 700 грн.
";Днепр, Индустриальный
Amazon Kindle Paperwhite 10th Gen 8GB;"
3 000 грн.
";Рени
Amazon kindle 8, Гаджет для школьника, помогает делать уроки;"
1 000 грн.
";Харьков, Холодногорский
Электронная книга Amazon Kindle Oasis 10th Gen. 32 Gb (2019) Graphite;"
8 830 грн.
";Львов, Галицкий
Электронная книга Amazon Kindle Oasis 10th Gen. 8 Gb (2019) Graphite;"
8 200 грн.
";Львов, Галицкий
КОЛЬОРОВА Безпечна - на чорнилах ел.книга! Pocketbook 633 Color;"
4 200 грн.
";Новояворовск
Amazon Kindle Paperwhite 2013;"
2 900 грн.
";Хмельницкий
Электронная книга Amazon Kindle 10th Gen 8Gb;"
1 899 грн.
";Чабаны
Електрона книга Kindle 3d generation (битий екран);"
160 грн.
";Черкассы
Электронная книга Amazon Kindle Paperwhite 10th Gen. 8GB Plum;"
3 800 грн.
";Харьков, Новобаварский
Сенсорная Amazon Kindle с подсветкой и Wi-Fi;"
1 300 грн.
";Киев, Шевченковский
Электронная книга;"
2 000 грн.
";Александрия
"Электронная книга в НАЛИЧИИ Amazon Kindle Oasis 10 пок 7"" 8GB 2021 нов";"
6 800 грн.
";Луцк
Електронная книга E-підручник classic pro.Практически новая;"
4 500 грн.
";Киев, Голосеевский
Pocketbook 631 Touch HD-2 ТЕПЛА підсвітка!!!;"
3 100 грн.
";Лапаевка
PocketBook a10 по запчастям;"
200 грн.
";Доброполье
Электронная книга amazon kindle;"
800 грн.
";Красный Лиман
Электронная книга Pocketbook 602 Е-ink Wі-fі Fb2 Pdf Аудиокниги;"
1 350 грн.
";Киев, Днепровский
Электронная книга;"
650 грн.
";Запорожье, Днепровский
Sony PRS-900 электронная книга на запчасти;"
250 грн.
";Киев, Деснянский
Электронная книга 9.7 дюйма Kindle Dx Школьнику вместо учебников;"
3 200 грн.
";Киев, Деснянский
Электронная книга Kindle 3 (две читалки, доступны и mobi, и fb2);"
1 500 грн.
";Киев, Шевченковский
электронная книга Ergo Book 0501R;"
450 грн.
";Коростень
Интерактивная говорящая книга;"
350 грн.
";Одесса, Малиновский
Электронная записная книга Citizen RX-4100 (Новая в упаковке);"
294 грн.
";Киев, Днепровский
Новая электронная книга Wexler.Book;"
2 000 грн.
";Черновцы
Електронна книга Sony PRS-300;"
400 грн.
";Ивано-Франковск
электронная книга читалка Wexler T7022;"
350 грн.
";Каменское
Продам электронную книгу PocketBook Mini 515 grey + чехол-карман;"
1 200 грн.
";Киев, Дарницкий
Amazon Kindle 3 WI-FI. Книга электронная;"
1 250 грн.
";Киев, Святошинский
Учебники немецкого для врачей и медсестер Deutsch im Krankenhaus;"
40 грн.
";Киев, Деснянский
Электронная книга Texet TB-780HD;"
499 грн.
";Борисполь
Ел.книга Kindle 4 на запчастини (донор);"
150 грн.
";Киев, Голосеевский
Электронные книги на запчасти или восстановления .;"
1 200 грн.
";Украинка
Amazon kindle 7gen, 2014;"
1 899 грн.
";Киев, Днепровский
Электронная книга Amazon Kindle Paperwhite Kids (11 gen,2год гарантия);"
5 400 грн.
";Одесса, Малиновский
Электронная книга Amazon Kindle Paperwhite 11th 2021. Лучше PocketBook;"
4 900 грн.
";Днепр, Соборный
Электронная книга Amazon Kindle Paperwhite 10th Generation 8GB;"
3 640 грн.
";Киев, Голосеевский
Отправляем. Електронная книга Amazon Kindle Paperwhite 10th 8gb black;"
2 899 грн.
";Киев, Голосеевский
Читалка Kindle;"
1 000 грн.
";Борисполь
Ціна зменьшена електронна книга AMAZON kindle D00111;"
120 грн.
";Винница, Ленинский
Nook simple touch glowlight bnrv 350;"
1 000 грн.
";Черновцы
PocketBook 622 Touch;"
1 950 грн.
";Любимовка
Onyx Boox Nova 3 Color. Цветной экран 8 дюймов. Вся линейка в наличии;"
11 460 грн.
";Киев, Днепровский
Onyx Boox Leaf. Вся линейка Onyx Nova Color Note 5 Air 2 Poke 3 Lumi 2;"
7 787 грн.
";Киев, Днепровский
Amazon Kindle, 8 generation;"
3 232 грн.
";Львов, Сиховский
Электронная записная книжка;"
400 грн.
";Киев, Оболонский
inkBOOK Lumos (Black);"
2 000 грн.
";Бердичев
Электронная книга PocketBook 606 (новая в плёнке);"
2 500 грн.
";Харьков, Шевченковский
"Продам электронную книгу Kindle Amazon
1 800 грн.";"
1 800 грн.
";Одесса, Приморский
Продам электронную записную книжку Casio 7500 RS;"
200 грн.
";Хмельницкий
Электронная книга PocketBook IQ 701;"
1 400 грн.
";Полтава
Продам электронную книгу читалку Amazon Kindle+бонус Samsung Ace3;"
2 890 грн.
";Инженерный
Amazon kindle 8, книга школьнику;"
1 000 грн.
";Бобровка
Електронная книга;"
600 грн.
";Музыковка
Продам телефонную книгу;"
80 грн.
";Краматорск
Sony Digital Book Reader PRS-T1/WC белый;"
1 500 грн.
";Киев, Оболонский
Електронная книга Bravis на запчасти.;"
75 грн.
";Херсон
электронный словарь;"
1 000 грн.
";Одесса, Киевский
Продам акамулятор к мобильным телефоном;"
50 грн.
";Черкассы
"Sony 10.3"" 16GB DPT-CP1 Digital Paper System";"
10 990 грн.
";Николаев, Центральный
Электронная книга lbook V60;"
350 грн.
";Киев, Днепровский
Електронна книга Kindle Paperwhite;"
2 000 грн.
";Киев, Днепровский
PocketBook 360 Электронная книга;"
1 000 грн.
";Харьков, Индустриальный 
Продам CASIO FS-4600RS;"
50 грн.
";Скалеватка
"Amazon Kindle Touch Электронная книга E-Ink 6""  D01200 тачскрин WiFi";"
889 грн.
";Киев, Шевченковский
Электронная книга  с фирменным чехлом Pocket book Basic Touch 2;"
380 грн.
";Днепр, Соборный
електронная книга;"
2 500 грн.
";Киев, Голосеевский
Електронна, электронная книга Nook;"
850 грн.
";Белая Церковь
Электронная книга;"
50 грн.
";Олешкы
Планшет электронная книга Nook HD+ Barnes & Noble BNTV250A;"
250 грн.
";Тернополь
Nokia розбит екран на запчасті;"
229 грн.
";Журавно
Pocketbook  amazonkindle;"
1 000 грн.
";Запорожье, Вознесеновский
Електронна книга PocketBook 628 Touch Lux 5 Black;"
4 099 грн.
";Одесса, Приморский
Электронная книга CASIO DS-7500RS;"
290 грн.
";Ковель
Електронна книга Amazon Kindle Paperwhite EY21 підсвітка;"
1 250 грн.
";Луцк
"Электронная книга Barns&Nobel Nook 6""";"
1 399 грн.
";Днепр, Чечеловский
Електронна книга Barnes & Noble NOOK GlowLight з підсвіткою E Ink біла;"
1 400 грн.
";Тернополь
Электронная книга Amazon Kindle Paperwhite 2021 Гарантия год от нас;"
5 440 грн.
";Киев, Голосеевский
Amazon Kindle Voyage. Подсветка. 300ppi. Гарантия. Магазин. Из США;"
1 699 грн.
";Киев, Оболонский
Kindle Paperwhite 2017. 7 поколение. Черный. Гарантия. Магазин. Из США;"
1 299 грн.
";Киев, Оболонский
Kindle Paperwhite 2020. 8 гб. Гарантия. Из США. От магазина;"
1 999 грн.
";Киев, Оболонский
Электронная книга Sony PSR-300. Все форматы. Русский. 5 дюймов.Магазин;"
399 грн.
";Киев, Оболонский
Pocketbook 612, 616, 622, 626, 625, 631, 902, d00901;"
190 грн.
";Черновцы
З Чохлом! Pocketbook 625 Basic Touch 2;"
1 690 грн.
";Рудки
Електронна книга электронная книга Wexler.Book T7001;"
333 грн.
";Тернополь
Электронная книга TEXET TB-710HD;"
400 грн.
";Днепр, Новокодакский
Электронная книга Amazon Kindle 4 D01100;"
1 000 грн.
";Киев, Деснянский
Электронная книга Kindle Touch;"
1 200 грн.
";Черновцы
Електронна книга EvroMedia ONE;"
300 грн.
";Киев, Голосеевский
Электронная записная книжка CITIZEN RX-2700;"
100 грн.
";Нежин
Электронная книга/Планшет Wexler T7008;"
230 грн.
";Никополь
Продам электронную книжку Casio;"
150 грн.
";Ровно
продам Barnes and Noble NOOK HD+;"
100 грн.
";Харьков, Московский
Pocketbook 740 inkpad 3. Увага на екран!;"
550 грн.
";Стрый
ІДЕАЛ Pocketbook Inkpad 3 Pro 740, водостійка!;"
6 300 грн.
";Стрый
Электронная книга;"
1 000 грн.
";Черкассы
Продам б/у CASIO FS-4600RS;"
55 грн.
";Ватутино
Amazon Kindle розборка;"
250 грн.
";Дрогобыч
продам електроную книгу под ремонт или на запчасти;"
150 грн.
";Днепр, Новокодакский
Электронная книга Amazon Kindle Paperwhite 10пок.2020 8 GB онлайн нова;"
3 650 грн.
";Луцк
«О чем молчит ласточка» Электронная версия;"
10 грн.
";Киев, Шевченковский
Pocketbook 650 Ultra камера!;"
2 500 грн.
";Ивано-Франковск
Amazon Kindle Paperwhite 2 3 WiFi;"
1 400 грн.
";Ивано-Франковск
Amazon Kindle Paperwhite 10th Gen 32 ГБ 8ГБ OnLine;"
2 490 грн.
";Ивано-Франковск
НОВА батарея ідеальний екран Nook Simple Touch Електронна книга;"
975 грн.
";Ровно
Amazon Kindle x43z60;"
250 грн.
";Бердянск
Електронная книга ридер Wexler.Book T7006;"
300 грн.
";Солнечное
Електронна книга AirBook Pro 8S;"
4 600 грн.
";Золочев
Pocketbook 627 Touch Lux 4;"
3 100 грн.
";Золочев
Обменяю на телефон,Электронная книга Amason Kindle 4 D01100 (Канада);"
3 800 грн.
";Сумы
Электронная книга Pocketbook 626 Touch Lux 2;"
2 700 грн.
";Киев, Печерский
Pocketbook 626 (серії Touch Lux) з підсвіткою;"
2 200 грн.
";Рясное-Русское
Pocketbook 840 InkPad 2 читати;"
600 грн.
";Рясное-Русское
Електронна книга Will;"
25 грн.
";Трускавец
Электронная книга;"
800 грн.
";Чернецкое
электронная книга POCKET BOOK 701 на запчасти;"
250 грн.
";Киев, Голосеевский
Электронная книга. Побита. Pocketbook 301, с хорошим чехлом.;"
200 грн.
";Киев, Дарницкий
Електронная книга Prology Latitude T-202T.;"
900 грн.
";Житомир, Аэропорт
Pocketbook 641 Aqua 2;"
2 650 грн.
";Дубно
Kobo Nia. Нова модель! електронна книга;"
2 900 грн.
";Бережаны
"Электронная книга ""Код предназначения""";"
10 грн.
";Запорожье, Шевченковский
Электронная книга Amazon Kindle Paperwhite 2021 Гарантия год от нас;"
5 440 грн.
";Киев, Голосеевский
• из США • НОВАЯ! 10 Gen 2019/2021 Электронная книга Amazon Kindle;"
2 299 грн.
";Львов, Галицкий
Акция! 10 Gen 2019/2021 • из США • Электронная книга Amazon Kindle;"
2 099 грн.
";Львов, Галицкий
Kindle 2022. Refurbished. Как новый. Гарантия. Из США;"
1 799 грн.
";Киев, Оболонский
Отправляем. Електронная книга Amazon Kindle Paperwhite 10th 8gb black;"
2 899 грн.
";Киев, Голосеевский
УЦІНКА Amazon Kindle Paperwhite 2GB Електронна книга з підсвіткою;"
1 200 грн.
";Ровно
Amazon Kindle Fire 7HD 16gb Електронна книга планшет;"
850 грн.
";Ровно
В гарному стані Amazon Kindle Paperwhite Wi-Fi Електронна книга;"
1 399 грн.
";Ровно
Электронная книга;"
300 грн.
";Мариуполь
Электронная книга Amazon Kindle Paperwhite 10th Gen. 8GB;"
3 399 грн.
";Киев, Печерский
Pocket Book 624 электронная книга;"
350 грн.
";Киев, Подольский
Продам на запчасти электронную книгу Assistant AE-601;"
400 грн.
";Харьков, Слободской
assistant электронная книга;"
800 грн.
";Софиевская Борщаговка
"Книга электронная 8"" Pocketbook 840 InkPad 2 сенсорная подсветка ридер";"
3 500 грн.
";Харьков, Немышлянский
Электронная книга PocketBook 612 E Ink Pearl Fb 2 Pdf + Все форматы кн;"
1 399 грн.
";Киев, Деснянский
Электронная книга PocketBook 614 читает FB2 и Все форматы книг;"
1 550 грн.
";Киев, Деснянский
Электронная книга PocketBook 614 White Идеальное сост.;"
1 450 грн.
";Киев, Днепровский
Електронна книга Sony prs T2 Повний комплект Fb2 Wi-Fi Сенсор;"
1 500 грн.
";Киев, Деснянский
PocketBook 606-электронная книга;"
3 260 грн.
";Борщи
Розпродаж чехлів  Sony Xiaomi;"
80 грн.
";Стрый
Электронная книга планшет Wexler;"
500 грн.
";Мукачево
Електронна книга Amazon Kindle Touch D01200 сенсорна нова запакована;"
2 400 грн.
";Луцк
Електронна книга PocketBook 740 InkPad 3 Black/Dark Brown • Нова!;"
6 790 грн.
";Львов, Франковский
Barnes & Noble NOOK 1st Edition 2GB, Wi-Fi, 6in;"
630 грн.
";Ужгород
Электронная книга Amazon Kindle 4 або 5  D01100 non touch електронна;"
200 грн.
";Умань
Kindle Keyboard 3. Все форматы. Fb2. Русский. Гарантия;"
499 грн.
";Львов, Галицкий
Kindle Oasis. 10 поколение. 8гб. Новый. Теплота подсветки. Гарантия;"
5 699 грн.
";Львов, Галицкий
Плата для электронной книжки Sony PRS-300,;"
200 грн.
";Одесса, Киевский
Pocketbook touch lux 2;"
1 120 грн.
";Запорожье, Днепровский
Электронная книга SONY Reader PRS-300, б/у;"
600 грн.
";Киев, Днепровский
Электронная книжка kindle d01100;"
1 000 грн.
";Киев, Подольский
Новые Amazon Kindle 10th 8gb 2019 електронная книга амазон киндл;"
1 999 грн.
";Киев, Голосеевский
Продам єлектронную книгу Amazon kindle 3 Keyboard WI-FI+3G;"
750 грн.
";Одесса, Киевский
Книга Kindle Amazon model:D01100 в робочому стані;"
750 грн.
";Киев, Оболонский
Планшет Kindle Fire HD 8. Новый. Из США;"
2 200 грн.
";Ужгород
"Електронна книга Sony PRS-650 Touch Edition E-Ink Book 6""";"
1 060 грн.
";Запорожье, Шевченковский
Мини планшет электронная записная книжка Casio DC-7500RS.;"
315 грн.
";Киев, Подольский
Электронная книга Sony Reader PRS-300 (Silver;"
1 700 грн.
";Донецк, Калининский
Електронна книга SONY  PRS-600;"
500 грн.
";Тернополь
Книга электронная Amazon Kindle D01100;"
800 грн.
";Сумы
"PocketBook 632 Touch HD 3 6"" 1448х1072 подсветка+Smart Light";"
3 700 грн.
";Киев, Шевченковский
Электронная книга InkPad 3;"
6 500 грн.
";Борисполь
Електронна книга eReader lbook V5;"
750 грн.
";Фастов
Як НОВА Pocketbook 623 Touch Lux. З підсвіткою.;"
2 500 грн.
";Сокольники
В наявності Комплект Amazon Kindle Paperwhite Kids 11th 2021;"
5 250 грн.
";Тернополь
Amazon Kindle 5. Все форматы. Гарантия. Магазин. Из США;"
499 грн.
";Львов, Галицкий
Продам pocketbook 632 hd3;"
3 800 грн.
";Харьков, Слободской
"• 6,8"" дюйм • 2021 11 gen Новая! эл.книга Amazon Kindle PaperWhite 8Gb";"
4 699 грн.
";Львов, Галицкий
Amazon Kindle 8 generation. 2017-2018 года. Сенсорный. Черный.Гарантия;"
999 грн.
";Киев, Оболонский
Электронная книга Tolino Vision 3 HD на запчасти, или под ремонт;"
450 грн.
";Черновцы
Электронные книги/читалки;"
1 900 грн.
";Ровно
Электронная книга РИДЕР Prestigio eBook Reader PER3172B;"
400 грн.
";Киев, Подольский
Электронная книга РИДЕР Prestigio eBook Reader PER3562B;"
600 грн.
";Киев, Подольский
Электронная книжка на запчасти;"
100 грн.
";Киев, Деснянский
Amazon Kindle Paper White, супер состояние + USB кабель в подарок;"
1 500 грн.
";Одесса, Суворовский
Продам електронну книжку;"
2 950 грн.
";Ивано-Франковск
Электронная книга;"
700 грн.
";Харьков, Московский
Электронная книга Samsung s8;"
560 грн.
";Днепр, Индустриальный
З найдешевших! Amazon Kindle Paperwhite 11, 2021 нова, online;"
4 650 грн.
";Черновцы
Продам или обменяю электронный учебник;"
2 100 грн.
";Одесса, Киевский
Сенсорную электронную книгу SONY PRS-350 в отличном состоянии.;"
700 грн.
";Киев, Деснянский
"Планшет -ел.книга Amazon Kindle 7"".";"
700 грн.
";Заставна
Електронна книга амазонка;"
1 500 грн.
";Колодеже
Электронная книга Barnes&noble (nook) BNRZ100;"
229 грн.
";Житомир, Богунский
Pocketbook Pocket book 912, 903;"
2 400 грн.
";Дубляны
"НОВА Е-підручник Е-учебник Evromedia Classic Pro 9,7"" НОВА";"
2 800 грн.
";Дубляны
электронная книга Wexler T5001 (есть бесплатная оlх-доставка);"
500 грн.
";Кривой Рог, Долгинцевский
NEW FRANKLIN Collins DMQ-221электронный Экспресс словарь(Английский);"
400 грн.
";Шепетовка
Prestigio per3274bru Wexler T7008 HLY070ML257-12A;"
200 грн.
";Новомосковск
електронна книга Prology в відмінному стані на 8 дюймів;"
800 грн.
";Александрия
Читалка ридер Android-ридер PocketBook IQ 701;"
650 грн.
";Кропивницкий, Фортечный
Электронная книга ECTACO jetBook LITE, США;"
450 грн.
";Харьков, Московский
Электронная книга pocket book 701;"
400 грн.
";Днепр, Центральный
Записная электронная книжка;"
50 грн.
";Крыжановка
Электронная записная книжка;"
150 грн.
";Письменное
Электронная книга Ergo book 0502R white+чехол+sd-card! (не Pocketbook);"
1 200 грн.
";Синельниково
Kindle 4 model no. d01100;"
900 грн.
";Киев, Святошинский
Электронная книга Amazon Kindle All-new 10th Gen. 2019 8Gb. Kindle;"
2 500 грн.
";Львов, Железнодорожный
Электронная книга Kindle Paperwhite;"
1 300 грн.
";Киев, Дарницкий
Продаю Amazon Kindle Touch;"
750 грн.
";Киев, Шевченковский
Продам одноразовую електроную книгу;"
195 грн.
";Киев, Шевченковский
Продам електронную книгу ,kindle;"
600 грн.
";Одесса, Киевский
электронный переводчик;"
350 грн.
";Измаил
Amazon Kindle 5 все працює;"
850 грн.
";Львов, Франковский
Продам электронную книгу Kindle Amazon;"
1 800 грн.
";Одесса, Киевский
Продаю англо/русский, русско/англ. говорящий словарь/перевод. 1400000;"
4 408 грн.
";Донецк, Калининский
Записная книжка-банк данных Casio DC-7500RS;"
1 469 грн.
";Киев, Шевченковский
PocketBook ( 1 E-READER );"
600 грн.
";Днепр, Центральный
Pocketbook surfpad u7  планшет;"
600 грн.
";Киев, Деснянский
Amazon Kindle 10th Gen Электронная книга Гарантия 1 год;"
2 540 грн.
";Киев, Голосеевский
Смарт-блокнот с отпечатком Lockbook, беспроводная зарядка и USB 16GB;"
3 100 грн.
";Одесса, Киевский
"Amazon Kindle Paperwhite Kids 11th Gen 6.8"" 2022 с обложкой, ONLINE";"
5 450 грн.
";Днепр, Чечеловский
Самый новый Amazon Kindle Oasis 10Gen 32GB Graphite;"
5 599 грн.
";Киев, Шевченковский
электронная книга Ritmix RBK-330 (на запчасти или под восстановление);"
125 грн.
";Знаменка
Електронна книга Amazon Kindle 3 Wi-Fi d00901 + чехол;"
600 грн.
";Луцк
Электронная книга;"
50 грн.
";Днепр, Соборный
Электронная записная книжка CITIZEN;"
95 грн.
";Днепр, Центральный
Електронная книга, мобильний телефон;"
550 грн.
";Ивано-Франковск
Мини планшет электронная записная книжка Casio многофункциональная.;"
335 грн.
";Киев, Шевченковский
Электронная книга Amazon;"
1 500 грн.
";Краматорск
Электронная книга;"
3 200 грн.
";Днепр, Центральный
Электронная записная книжка;"
190 грн.
";Славянск
Электронная книга prestigio nobile;"
700 грн.
";Вишневое
Анатомия и физиология. Тортора. Электронная книга;"
50 грн.
";Хмельницкий
Электронный ридер Amazon Kindle Touch;"
700 грн.
";Киев, Шевченковский
Эликтроная книга SONY;"
1 000 грн.
";Одесса, Суворовский
Электронная читалка PocketBook IQ 701;"
800 грн.
";Кривой Рог, Метталургический
Электронная книга Sony;"
1 000 грн.
";Волчанск
электронная книга РocketBook 624 на запчасти;"
200 грн.
";Днепр, Шевченковский
электронная книга kindle amazon d01100 на запчасти;"
200 грн.
";Днепр, Шевченковский
Електронна книга AIRBOOK Pro 6S;"
5 199 грн.
";Киев, Печерский
Продам електронную книгу.;"
100 грн.
";Харьков, Московский
Електронна книжка Kindle 4 WiFi (без підсвітки);"
850 грн.
";Киев, Соломенский
Електронна книга ONYX BOOX Nova Air/ ONYX BOOX Note Air 2 ~Нові~;"
11 400 грн.
";Львов, Франковский
Електронна книга PocketBook 632 Touch HD 3;"
5 395 грн.
";Львов, Сиховский
Электронная книга читалка Kindle D00901;"
500 грн.
";Харьков, Немышлянский
электронная книга Nook Simple Touch BNRV300;"
800 грн.
";Стрый
Amazon kindle 4.;"
900 грн.
";Куриловка
Книга электронная Amazon Kindle D00901;"
800 грн.
";Сумы
Assistant AT-1094 - 29-язычный переводчик и органайзер.;"
190 грн.
";Киев, Святошинский
Электронная книга на запчасти или под восстановление;"
115 грн.
";Знаменка
Электронная книга E-book reader;"
1 300 грн.
";Черкассы
E-book полноцвет Retina Hd Электронная книга Wi-Fi +учебники;"
700 грн.
";Киев, Голосеевский
Электронная книжка Nook Color;"
300 грн.
";Киев, Подольский
Электронная книга pocketbook basic 3;"
1 200 грн.
";Знаменка
Amazon Kindle Voyage с подсветкой электронная книга не paperwhite;"
2 398 грн.
";Полтава
Электронная книга amazon kindle D01100;"
200 грн.
";Киев, Деснянский
Записная книга Citizen ED-3000RX;"
50 грн.
";Хмельницкий
"Е-підручник Classic Pro E-ink Pearl 9.7""";"
4 000 грн.
";Киев, Голосеевский
Электронную книгу AmazonKindle с разбитым экраном недорого.;"
200 грн.
";Киев, Деснянский
электронная книга Amazon Kindle Paperwhite 6 gen;"
1 200 грн.
";Стрый
Amazon Kindle Oasis 9th, 10th ген. 7 дюймів 8, 32 ГБ!;"
4 400 грн.
";Луцк
Amazon Kindle Paperwhite Kids 11th 2021 8Gb Нова Запакована;"
5 250 грн.
";Тернополь
Amazon Kindle Paperwhite. Подсветка.Гарантия. От магазина. Из США;"
999 грн.
";Львов, Галицкий
Нова електронна книга Amazon Kindle Paperwhite 5 2021 11 gen, ONLINE;"
4 399 грн.
";Киев, Днепровский
Продам электронную книгу Pocketbook 631 Touch HD;"
2 600 грн.
";Харьков, Слободской
Электронная книга Sony PSR-300. Все форматы. Русский. 5 дюймов.Магазин;"
399 грн.
";Киев, Оболонский
AirBook Pro 8 з підсвіткою;"
3 990 грн.
";Луцк
10.7!! дюймів книга Plastic Logic 100 СЕНСОРНА, екран НЕ Б'ЄТЬСЯ!;"
4 100 грн.
";Тернополь
Продам записную электрокнижку;"
50 грн.
";Харьков, Киевский
Голон Анна и Серж - Анжелика и Демон;"
50 грн.
";Вышгород
Электронная книга с кожаным чехлом amazon kindle;"
1 650 грн.
";Южноукраинск
Плату от электронной книги Amazon Kindle D00611 в рабочем состоянии.;"
600 грн.
";Киев, Деснянский
Amazon Kindle 10 8Gb White (Basic) с подсветкой, новые;"
3 200 грн.
";Луганск, Артёмовский
Sony Reader PRS-300;"
400 грн.
";Ильичевка
Продам электронную книгу PocketBook Pro 602;"
1 700 грн.
";Харьков, Немышлянский
Електронна книга Evromedia Е-учебник Classic Pro;"
2 000 грн.
";Днепр, Центральный
Amazon Kindle Oasis 9Gen 32Gb Gold used *3429;"
5 289 грн.
";Скнилов
Органайзер    CITIZEN;"
350 грн.
";Донецк, Будённовский
"Amazon Kindle Fire HD 10"" 1/32Gb (ремонт)";"
900 грн.
";Киев, Деснянский
Электронная книга ECTACO jetBook mini;"
750 грн.
";Днепр, Соборный
Электронная книга Air Book City Base;"
1 000 грн.
";Одесса, Суворовский
Продам электронный справочник, книга, переводчик;"
150 грн.
";Кривой Рог, Саксаганский
Електронна книга;"
1 200 грн.
";Луцк
Электронная книга С подсветкой сенсорная Wi-Fi HD экран;"
1 600 грн.
";Киев, Деснянский
Электронная книга PocketBook 626 Touch Lux 3 Подсветка Сенсор Wi-Fi;"
2 550 грн.
";Киев, Днепровский
Электронная книга Kindle 7 поколение с сенсорным экраном;"
1 050 грн.
";Киев, Деснянский
Электронная книга;"
1 100 грн.
";Николаев Жовтневый
Электронная книга;"
1 100 грн.
";Николаев Жовтневый
Электронная книга PocketBook 622;"
1 500 грн.
";Днепр, Индустриальный
"Дж.Бокаччо ""Декамерон"" книга";"
50 грн.
";Полтава
Kindle EY- 21 wi-fi;"
999 грн.
";Херсон
Amazon Kindle 2 электронная книга D00501 розборка-материнська плата;"
200 грн.
";Умань
СРОЧНО asus memo pad 7;"
349 грн.
";Красная Слобода
Электронная книга Sony PRS-T1;"
987.65 грн.
";Днепр, Центральный
Електронна книга (Планшет) PocketBook A7 (Бита);"
199 грн.
";Львов, Лычаковский
Электронная книга Kobo Сlara HD 6” PRO Black;"
2 800 грн.
";Киев, Деснянский
электронная книга Amazon Kindle 3/fb2;"
700 грн.
";Стрый
электронная книга Amazon Kindle 4/fb2;"
750 грн.
";Стрый
Продам электронную книгу;"
2 000 грн.
";Днепр, Амур-Нижнеднепровский
Электронная книга Kruger&Matz;"
1 000 грн.
";Харьков, Основянский
Электронная книга Amazon Kindle All-New 10 Gen.2019 новая подсветка;"
2 750 грн.
";Луцк
Pocketbook 301 plus под замену экрана и фирменый чехол;"
Обмен
";Киев, Днепровский
Электронная книга Amazon Kindle Paperwhite 2 DP75SDI на запчасти;"
300 грн.
";Киев, Дарницкий
Сенсорная электронная книга Sony со стилусом;"
1 800 грн.
";Одесса, Киевский
Amazon Kindle Paperwhite 8GB новая 10Gen Электронная книга онлайн.;"
3 200 грн.
";Черновцы
Kindle Paperwhite 2017. 7 поколение. Черный. Гарантия. Магазин. Из США;"
1 299 грн.
";Киев, Оболонский
Электронная книга Amazon Kindle Paperwhite Kids (11 gen,2год гарантия);"
5 400 грн.
";Одесса, Малиновский
Электронная книга Amazon Kindle Paperwhite 11th 2021. Лучше PocketBook;"
4 900 грн.
";Днепр, Соборный
Электронная книга Amazon Kindle Paperwhite 10th Generation 8GB;"
3 640 грн.
";Киев, Голосеевский
Pocketbook 741, InkPad 3, Pro;"
4 650 грн.
";Новояворовск
Електронна книга ONYX BOOX Note Air • Нова • Запакована • Гарантія;"
13 958 грн.
";Львов, Франковский
Продам электронную книгу: TeXet TB-720HD, б/у в отличном состоянии.;"
500 грн.
";Краматорск
Электронная книга IBook eReader V8 на запчасти;"
350 грн.
";Киев, Святошинский
'эл книга PocketBook 650 Ultra;"
800 грн.
";Долинская
Електронна книга ONYX BOOX Note Air 2 • Нова • Запакована!;"
16 456 грн.
";Львов, Франковский
Pocketbook 515 электронная книга на запчасти;"
300 грн.
";Донецк, Ленинский
Электронная книга amazon kindle D01100. Побита;"
220 грн.
";Киев, Дарницкий
Продам на запчасти Pocketbook 611;"
300 грн.
";Киев, Шевченковский
Електронна книга Pocketbook IQ 701;"
800 грн.
";Ивано-Франковск
"Электронная книга Amazon Kindle Paperwhite 6.8""8GB 11 Gen.2021 новая";"
4 650 грн.
";Луцк
Электронная книга PocketBook 631;"
3 500 грн.
";Киев, Днепровский
Електронна книга Amazon Kindle 4!Wi-Fi!вміщає сотні книг.;"
1 000 грн.
";Умань
Электронная книга PocketBook 622 с чехлом;"
1 900 грн.
";Киев, Деснянский
Электронная книга ASUS Eee Reader DR-900W;"
200 грн.
";Ровно
Планшет Amazon Kindle Fire;"
499 грн.
";Одесса, Суворовский
Запчасти на електронною кныгу;"
70 грн.
";Полтава
Продам,электронная книга Nook bnrv 100.РОЗБОРКА продажу і БАТАРЕЯ;"
400 грн.
";Умань
Электронная книга (рабочая, в отличном состоянии);"
600 грн.
";Днепр, Соборный
Электронная книнаSony prs 600;"
1 500 грн.
";Киев, Шевченковский
Электронная книга Pocket book Basic 2;"
2 000 грн.
";Харьков, Шевченковский
Продам электронные записные книги;"
80 грн.
";Киев, Днепровский
Електронна книга AirBook City Base;"
2 200 грн.
";Киев, Голосеевский
Электронная книга Amazon Kindle Paperwhite 7th Gen. 2015 (Новая);"
3 250 грн.
";Одесса, Приморский
Электронная книга PocketBook 613 Basic;"
1 550 грн.
";Одесса, Приморский
Электронная книга Amazon Kindle Paperwhite 2013;"
1 800 грн.
";Киев, Шевченковский
Продам електронную книгу.;"
50 грн.
";Харьков, Московский
Amazon Kindle Paperwhite 8GB новая 10Gen Электронная книга онлайн;"
3 790 грн.
";Луцк
Электронные книги Pocketbook;"
150 грн.
";Обуховка
Электронная книга Texet;"
250 грн.
";Запорожье, Днепровский
Amazon Kindle All New 10пок 8Gb 2021 новая электронная книга подсветка;"
2 580 грн.
";Луцк
Электронная книга Amazon Kindle All New 10 пок 8 GB подсветка новая;"
2 590 грн.
";Луцк
Электронная книга и штрихсканер. (для заполнения эл. форм);"
500 грн.
";Киев, Днепровский
Tolino Vision 3 HD (типу Kobo, Amazon). ІДЕАЛ;"
1 890 грн.
";Бережаны
Kobo Aura H2O. Рідер;"
2 400 грн.
";Бережаны
Электронная книга Amazon Kindle Paperwhite ey21;"
1 800 грн.
";Киев, Голосеевский
Электронная книга Kiano Booky Light;"
2 000 грн.
";Киев, Оболонский
Електронна книга, рідер. PocketBook 840 InkPad 2 Ридер;"
4 900 грн.
";Фурсы
Amazon Kindle Paperwhite 2013;"
2 000 грн.
";Киев, Печерский
Електронна книга Pocketbook 628 Touch Lux5 Ink Black (PB628-P-CIS);"
4 264 грн.
";Львов, Сиховский
Pocketbook 631 Touch Hd wifi/подсветка;"
3 000 грн.
";Киев, Дарницкий
Електронна книга Microsoft Power Platform Fundamentals;"
820 грн.
";Самбор
"Amazon Kindle Paperwhite Kids 11th Gen 6.8"" 2022 с обложкой, ONLINE";"
5 450 грн.
";Днепр, Чечеловский
Amazon Kindle 2022. 8 гб. Новый. Запечатан.Офлайн.Гарантия.От магазина;"
2 199 грн.
";Львов, Шевченковский
Kindle 2022. 10 поколение. Новая. Черный. Белый. Гарантия. От Магазина;"
1 599 грн.
";Киев, Оболонский
Електронная книга kruger&matz;"
2 000 грн.
";Оршовцы
Электронная книга PocketBook 626 Подсветка Wi-Fi Fb2 Pdf Сенсор;"
2 550 грн.
";Киев, Деснянский
Продам электронную книгу Texet TB 770 hd б/у без сенсорного экра на;"
250 грн.
";Монастырище
Карманная электронная записная книжка;"
100 грн.
";Днепр, Соборный
Электронная книга Enot Starbook 7. С подсветкой! Отличное состояние!;"
900 грн.
";Киев, Святошинский
Электронный ридер PocketBook Pro 602;"
1 500 грн.
";Одесса, Киевский
Англо-русский ГОВОРЯЩИЙ электрон.словарь.;"
170 грн.
";Кропивницкий, Подольский
Электронная книга PocketBook 623;"
2 000 грн.
";Киев, Шевченковский
Электронная книга PocketBook 612 Pro Grey;"
2 000 грн.
";Киев, Соломенский
Электронная книга Sony PRS-600;"
1 000 грн.
";Киев, Голосеевский
Электронная книга;"
4 000 грн.
";Херсон
Електронна книга Elonex ebook, ereader;"
999 грн.
";Черновцы
"электронная книга Kobo Aura H2O 6,8"" книжка E-book kindle";"
2 000 грн.
";Киев, Святошинский
Pocketbook 606 ел.книга;"
1 550 грн.
";Рудки
Электронная книга PocketBook 614 Читает все форматы книг даже PDF;"
1 490 грн.
";Киев, Деснянский
Планшет Nomi C10105 16Гіг 10* 3G 2 SIM звонящий.;"
1 400 грн.
";Запорожье, Днепровский
"Электронная книга 6"" Sony PRS-T1 R, Электронная книга, Sony";"
1 600 грн.
";Киев, Голосеевский
Электронная книга Pocketbook surf pad по запчастям;"
300 грн.
";Первомайск
Электронное устройство для чтения книг e-BOOK REB1100;"
750 грн.
";Киев, Днепровский
Pocketbook 616 електронна книга;"
2 250 грн.
";Тернополь
электронная книга ViewSonic VEB620;"
300 грн.
";Кривой Рог, Метталургический
Kobo Libra. 7 дюймов. Новая. Легкая. Теплота подсветки. Гарантия;"
3 900 грн.
";Львов, Галицкий
Kindle Paperwhite 2020. 32гб. Новый. Запечатан. Гарантия. Из США;"
4 399 грн.
";Львов, Галицкий
Продаю электронную книгу на запчасти;"
300 грн.
";Киев, Деснянский
"Электронная книга 9,7"" Pocketbook Школьнику в помощь Большой экран";"
3 250 грн.
";Киев, Днепровский
Электронная книга PocketBook Pro 602 +microSD2Gb;"
300 грн.
";Черкассы
Электронная книга Amazon Kindle 10th Gen. 2019 White 8Gb #17142;"
2 400 грн.
";Херсон
Электронная книга Barnes & Noble Nook The Simple Touch Reader #13464;"
1 200 грн.
";Херсон
Електронний словник Seiko;"
100 грн.
";Броды
Электронная записная книжка Б/У;"
75 грн.
";Донецк, Будённовский
Книга Amazon Kindle Paperwhite 2012 EY21 2Gb 5th PW1 Подсветка;"
1 250 грн.
";Киев, Оболонский
"Электронная книга 6"" Pocketbook 614 Читает все форматы";"
1 450 грн.
";Киев, Деснянский
Электронная книга EvroMedia Е-Учебник школьнику. Все форматы книг;"
1 550 грн.
";Киев, Дарницкий
"Электронная книга 5"" Pocketbook mini 515 Читает все форматы";"
1 350 грн.
";Киев, Деснянский
Электронная книга Nook Simple Touch Wi-Fi Pdf Fb2;"
1 400 грн.
";Киев, Дарницкий
Электронная книга Amazonkindle(на запчасти).;"
150 грн.
";Киев, Дарницкий
Электронная книга Amazon Kindle Paperwhite  WP63;"
800 грн.
";Сумы
Медиаридер Mediareader Assistant AE-702;"
499 грн.
";Светловодск
Электронная книга Barnes & Noble NOOK Simple Touch BNRV300A;"
370 грн.
";Херсон
Електронна книга PocketBook 515 mini;"
1 000 грн.
";Тараща
Электронная книга Amazon Kindle Paperwhite 2021 Гарантия год от нас;"
5 440 грн.
";Киев, Голосеевский
Kindle Paperwhite 2017. 7 поколение. Черный. Гарантия. Магазин. Из США;"
1 299 грн.
";Киев, Оболонский
"• 6,8"" дюйм • 2021 11 gen Новая! эл.книга Amazon Kindle PaperWhite 8Gb";"
4 699 грн.
";Львов, Галицкий
Отправляем. Електронная книга Amazon Kindle Paperwhite 10th 8gb black;"
2 899 грн.
";Киев, Голосеевский
Электронная книга;"
20 грн.
";Новомайское
Электронная книга Престижио Libretto PER3162B.;"
190 грн.
";Киев, Дарницкий
Электронная записная книжка;"
60 грн.
";Запорожье, Шевченковский
Электронная книга QUMO Fresh!;"
100 грн.
";Светловодск
Электронная книга;"
2 000 грн.
";Бровары
Электронная книга Amazon Kindle 3;"
800 грн.
";Днепр, Индустриальный
Продам книгу электронную;"
200 грн.
";Одесса, Приморский
Электронная записная книжка, електронна записна книга Casio SF-5580RS;"
1 000 грн.
";Киев, Дарницкий
Електронна книга;"
220 грн.
";Чернигов
Електронна книга;"
140 грн.
";Ивано-Франковск
Pocketbook Touch HD 3;"
4 500 грн.
";Сумы
Продаю электроную книгу Qumo;"
1 000 грн.
";Киев, Оболонский
Электронные книги Марка Мэнсона;"
20 грн.
";Киев, Печерский
Записна книжка casio;"
150 грн.
";Тернополь
Электронная книга PocketBook;"
3 500 грн.
";Александрия
Говорит и показывает искусство. Электронная книга;"
40 грн.
";Хмельницкий
Assistant электронная книга под ремонт;"
200 грн.
";Запорожье, Александровский
Электронная книга Airbook Liber;"
250 грн.
";Киев, Деснянский
Електронна книга Е-підручник classic lite;"
600 грн.
";Белая Церковь
Электронная записная книжка;"
95 грн.
";Киев, Днепровский
Электронная книга Amazon Kindle;"
790 грн.
";Каменец-Подольский
Электронную книгу Pocketbook 626 с побитым экраном.;"
600 грн.
";Киев, Дарницкий
Продам не дорого электронную книгу Sony PRS 300;"
800 грн.
";Киев, Оболонский
Электронная книга Texet , побит угол экрана! С чехлом;"
250 грн.
";Киев, Дарницкий
Электронная книга Wexler Book T7004;"
420 грн.
";Киев, Шевченковский
PocketBook Basik 3;"
1 100 грн.
";Запорожье, Александровский
Электронная книга Amazon Kindle Voyage;"
1 900 грн.
";Черновцы
ЯК НОВА Amazon Kindle 10 2019 4GB Електронна книга з підсвіткою;"
2 000 грн.
";Ровно
Электронная книга ergo;"
300 грн.
";Переяславское
Pocketbook електронна книга;"
990 грн.
";Сокольники
Tolino Shine (підсвітка);"
900 грн.
";Сокольники
Kobo Aura 2 чохол;"
1 700 грн.
";Львов, Железнодорожный
Kobo Aura ONE, 8 дюймів супер-Підсвітка. НЕ Китай! Японія-Канада!;"
5 200 грн.
";Городок
Barnes and Noble Nook Glowlight BNRB500 з Підсвіткою!;"
1 600 грн.
";Городок
Электронная записная книжка CITIZEN RX-6600/ 64 кб.;"
100 грн.
";Луганск, Ленинский
